{"stats":{"minecraft:killed_by":{"born_in_chaos_v1:bonescaller":1,"born_in_chaos_v1:restless_spirit":1},"minecraft:picked_up":{"memory_of_the_past:lesser_drop_of_knowledge":5,"vinery:red_grape":1,"minecraft:feather":1,"minecraft:creeper_head":3,"biomesoplenty:orange_autumn_sapling":4,"minecraft:potato":55,"vinery:red_grape_seeds":16,"minecraft:potion":2,"minecraft:enchanted_book":2,"butchersdelight:deadpig":4,"minecraft:raw_copper":19,"minecraft:dirt":15,"minecraft:red_bed":3,"memory_of_the_past:better_drop_of_knowledge":1,"minecraft:bone":1,"minecraft:zombie_head":1,"butchersdelight:dead_cow":1,"minecraft:apple":3,"minecraft:wheat_seeds":4,"argentinas_delight:membrillo":1,"extradelight:corn_seeds":1,"minecraft:written_book":2,"minecraft:spruce_slab":1,"minecraft:stick":4,"argentinas_delight:batata":2,"minecraft:torch":1,"epicfight:skillbook":1,"minecraft:carrot":4,"butchersdelight:sheephide":1,"minecraft:dark_oak_log":13,"minecraft:sugar":6,"some_assembly_required:sandwich":3,"supplementaries:sconce":2,"minecraft:granite":19,"minecraft:spruce_sign":1,"minecraft:emerald":7,"alexsmobs:maggot":2,"minecraft:oak_sapling":1,"minecraft:mutton":1,"minecraft:coal":1,"minecraft:skeleton_skull":1,"minecraft:cobblestone":139},"minecraft:custom":{"minecraft:interact_with_furnace":21,"minecraft:mob_kills":6,"minecraft:interact_with_crafting_table":18,"minecraft:open_barrel":19,"minecraft:damage_dealt_resisted":48,"minecraft:eat_cake_slice":5,"minecraft:leave_game":2,"minecraft:time_since_death":94521,"minecraft:sleep_in_bed":3,"minecraft:climb_one_cm":138,"minecraft:time_since_rest":10883,"minecraft:sprint_one_cm":159430,"minecraft:damage_taken":900,"minecraft:walk_one_cm":200293,"minecraft:drop":32,"minecraft:damage_dealt":1960,"minecraft:fly_one_cm":212536,"minecraft:open_chest":49,"minecraft:play_time":176852,"minecraft:crouch_one_cm":6926,"minecraft:deaths":2,"minecraft:sneak_time":2054,"minecraft:jump":706,"minecraft:interact_with_brewingstand":1,"minecraft:total_world_time":176852,"minecraft:fall_one_cm":13692},"minecraft:dropped":{"minecraft:enchanted_book":1,"minecraft:golden_boots":1,"minecraft:bread":5,"minecraft:creeper_head":2,"alexsmobs:maggot":2,"minecraft:wheat_seeds":2,"minecraft:baked_potato":2,"minecraft:feather":1,"minecraft:apple":1,"minecraft:carrot":5,"minecraft:leather_chestplate":1,"minecraft:skeleton_skull":1,"minecraft:zombie_head":1,"minecraft:potion":10,"minecraft:pumpkin_pie":1,"artifacts:cross_necklace":1,"minecraft:rabbit_stew":1,"minecraft:arrow":11,"minecraft:stone_pickaxe":1,"minecraft:sugar":6,"extradelight:corn_seeds":1,"minecraft:bone":1},"minecraft:crafted":{"moredelight:stone_knife":1,"minecraft:crafting_table":1,"minecraft:spruce_planks":56,"minecraft:wooden_pickaxe":1,"minecraft:furnace":3,"minecraft:stone_axe":1,"minecraft:air":0,"minecraft:spruce_trapdoor":2,"minecraft:potion":37,"minecraft:charcoal":8,"minecraft:stick":12,"minecraft:spruce_slab":6,"minecraft:stone_pickaxe":2,"quark:spruce_chest":2,"minecraft:torch":28,"minecraft:dark_oak_planks":12},"minecraft:killed":{"born_in_chaos_v1:baby_skeleton":1,"minecraft:spider":1,"alexsmobs:blue_jay":1,"minecraft:zombie":1,"alexsmobs:crow":1,"alexsmobs:fly":1},"minecraft:mined":{"biomesoplenty:orange_autumn_leaves":1,"supplementaries:book_pile_horizontal":1,"argentinas_delight:batatamadura":1,"argentinas_delight:brotemembrillo":1,"minecraft:red_bed":2,"minecraft:granite":22,"minecraft:cave_vines_plant":1,"vinery:red_grape_bush":8,"minecraft:grass_block":10,"minecraft:creeper_wall_head":1,"minecraft:copper_ore":4,"extradelight:corn_bottom":1,"supplementaries:sconce":2,"supplementaries:sconce_wall":1,"supplementaries:urn":1,"treechop:chopped_log":2,"minecraft:coal_ore":1,"some_assembly_required:sandwich":2,"minecraft:grass":21,"minecraft:skeleton_wall_skull":1,"minecraft:potatoes":28,"minecraft:dirt":5,"minecraft:zombie_wall_head":1,"minecraft:stone":133,"minecraft:oak_leaves":3,"minecraft:spruce_slab":1},"minecraft:used":{"epicfight:skillbook":1,"minecraft:stone_pickaxe":139,"minecraft:spruce_slab":7,"minecraft:glass_bottle":21,"minecraft:baked_potato":1,"minecraft:spruce_planks":4,"minecraft:wooden_pickaxe":22,"minecraft:spruce_sign":1,"minecraft:green_bed":1,"supplementaries:sconce":2,"minecraft:torch":7,"minecraft:dirt":5,"minecraft:crafting_table":1,"minecraft:red_bed":3,"minecraft:carrot":7,"some_assembly_required:sandwich":6,"minecraft:granite":19,"argentinas_delight:membrillo":1,"minecraft:cake":1,"minecraft:apple":2,"quark:spruce_chest":2,"minecraft:bread":4,"minecraft:spruce_trapdoor":2,"minecraft:stone_axe":14,"argentinas_delight:batata":2,"minecraft:rabbit_stew":1,"minecraft:enchanted_book":4,"minecraft:potion":4,"minecraft:written_book":7,"minecraft:furnace":3,"minecraft:oak_sapling":1,"minecraft:air":1}},"DataVersion":3120}