{"stats":{"minecraft:killed":{"minecraft:cave_spider":1,"minecraft:witch":2,"minecraft:spider":11,"minecraft:skeleton":10,"alexsmobs:centipede_head":1,"artifacts:mimic":1,"born_in_chaos_v1:diamond_termite":4,"minecraft:creeper":10,"minecraft:sheep":4,"minecraft:zombie":26,"alexsmobs:fly":1,"born_in_chaos_v1:zombie_clown_not_despawn":1,"born_in_chaos_v1:maggot":13,"alexsmobs:blue_jay":1,"born_in_chaos_v1:corpse_fish":4,"born_in_chaos_v1:barrel_zombie":1,"born_in_chaos_v1:baby_skeleton":1,"alexsmobs:cockroach":88,"alexsmobs:crow":1,"minecraft:enderman":1},"minecraft:killed_by":{"minecraft:creeper":1,"born_in_chaos_v1:restless_spirit":1,"born_in_chaos_v1:bonescaller":1},"minecraft:used":{"minecraft:iron_shovel":214,"minecraft:spruce_slab":7,"kawaiidishes:expresso_coffee":9,"farmersdelight:stove":2,"minecraft:shield":9,"butchersdelight:hook":8,"minecraft:iron_sword":106,"kawaiidishes:blender":2,"minecraft:grass":2,"minecraft:carrot":7,"minecraft:lantern":4,"minecraft:dark_oak_slab":160,"minecraft:rabbit_stew":1,"argentinas_delight:batata":2,"minecraft:written_book":7,"minecraft:oak_sapling":2,"minecraft:furnace":6,"kawaiidishes:mug":1,"epicfight:skillbook":4,"minecraft:stone_pickaxe":186,"minecraft:oak_planks":3,"minecraft:wooden_pickaxe":22,"quark:dark_oak_vertical_slab":15,"minecraft:sugar_cane":7,"minecraft:diamond_axe":410,"minecraft:golden_apple":1,"some_assembly_required:sandwich":11,"pfm:working_table":1,"minecraft:dark_oak_log":48,"minecraft:bread":43,"biomesoplenty:yellow_autumn_sapling":1,"extradelight:sliced_apple":1,"minecraft:dark_oak_fence":44,"extradelight:honey_custard":1,"minecraft:air":1,"minecraft:bone_meal":37,"argentinas_delight:hojasdemate":94,"delightful:acorn":1,"minecraft:experience_bottle":128,"minecraft:stone_sword":131,"minecraft:flint_and_steel":2,"minecraft:spruce_planks":5,"supplementaries:sconce":2,"minecraft:stick":35,"minecraft:torch":120,"minecraft:dirt":64,"minecraft:granite":19,"minecraft:dark_oak_planks":1,"quark:spruce_chest":5,"minecraft:iron_axe":74,"kawaiidishes:coffee_fruit":1,"pfm:oak_kitchen_cabinet":6,"pfm:oak_log_stool":7,"kawaiidishes:coffee_machine":2,"pfm:birch_raw_table_log":12,"minecraft:cobbled_deepslate":3,"minecraft:water_bucket":5,"minecraft:glass_bottle":22,"minecraft:baked_potato":4,"minecraft:spruce_sign":1,"minecraft:stonecutter":1,"minecraft:green_bed":1,"cfm:oak_coffee_table":24,"minecraft:stripped_dark_oak_log":4,"minecraft:oak_slab":58,"minecraft:red_bed":3,"minecraft:crafting_table":6,"minecraft:campfire":2,"minecraft:dark_oak_fence_gate":4,"argentinas_delight:membrillo":1,"minecraft:spruce_log":21,"biomesoplenty:orange_autumn_sapling":19,"minecraft:cake":1,"minecraft:smoker":2,"minecraft:oak_log":82,"minecraft:diamond_pickaxe":100,"minecraft:apple":4,"extradelight:carrot_salad":1,"minecraft:iron_pickaxe":250,"minecraft:stone_slab":3,"minecraft:spruce_trapdoor":2,"moredelight:stone_knife":3,"minecraft:spruce_sapling":4,"minecraft:stone_axe":14,"minecraft:enchanted_book":4,"minecraft:cobblestone":128,"minecraft:potion":20,"minecraft:bucket":7,"minecraft:stripped_oak_log":9},"minecraft:mined":{"minecraft:dark_oak_planks":1,"argentinas_delight:batatamadura":1,"minecraft:spruce_planks":1,"minecraft:brewing_stand":1,"minecraft:granite":22,"minecraft:cave_vines_plant":1,"argentinas_delight:hojasdemate":119,"minecraft:grass_block":158,"supplementaries:sconce_wall":1,"pfm:oak_log_stool":3,"minecraft:fire":2,"minecraft:iron_ore":27,"argentinas_delight:ramasdematedeyerba":4,"minecraft:skeleton_wall_skull":1,"supplementaries:stick":3,"argentinas_delight:basedearbolmate":1,"kawaiidishes:mug":2,"quark:dark_oak_vertical_slab":4,"kawaiidishes:coffee_machine":1,"minecraft:spruce_slab":1,"quark:red_corundum_cluster":2,"minecraft:red_bed":2,"argentinas_delight:brotemembrillo":1,"minecraft:smoker":4,"minecraft:clay":23,"minecraft:torch":9,"vinery:red_grape_bush":8,"minecraft:creeper_wall_head":1,"minecraft:cobblestone":27,"extradelight:corn_bottom":1,"minecraft:sugar_cane":5,"minecraft:oak_planks":2,"minecraft:wall_torch":12,"vinery:white_grape_bush":3,"minecraft:chain":1,"biomesoplenty:orange_autumn_sapling":1,"minecraft:dark_oak_slab":14,"minecraft:birch_log":18,"minecraft:tnt":1,"some_assembly_required:sandwich":2,"minecraft:grass":39,"butchersdelight:hook":7,"minecraft:oak_log":32,"minecraft:sand":19,"minecraft:dirt":57,"minecraft:zombie_wall_head":1,"minecraft:oak_leaves":7,"minecraft:deepslate":10,"biomesoplenty:orange_autumn_leaves":1,"minecraft:candle":2,"minecraft:dark_oak_log":6,"argentinas_delight:ramabajamembrillo":4,"born_in_chaos_v1:infected_diamond_ore":2,"butchersdelight:deadsheepblock":2,"kawaiidishes:blender":1,"minecraft:dark_oak_fence":12,"kawaiidishes:coffee_bush":1,"minecraft:spruce_leaves":7,"argentinas_delight:ramaltamembrillo":4,"cooking_with_mindthemoods:apple_blossoms_mature":1,"minecraft:furnace":2,"argentinas_delight:flormembrillo":2,"minecraft:dark_oak_fence_gate":1,"treechop:chopped_log":8,"minecraft:potatoes":28,"minecraft:deepslate_iron_ore":42,"minecraft:lantern":3,"minecraft:stripped_oak_log":9,"minecraft:stone":180,"supplementaries:wall_lantern":2,"minecraft:smithing_table":1,"supplementaries:book_pile_horizontal":1,"minecraft:oak_slab":27,"minecraft:stripped_dark_oak_log":4,"minecraft:crafting_table":1,"minecraft:tall_grass":2,"minecraft:copper_ore":4,"supplementaries:sconce":2,"butchersdelight:deadchickenblock":1,"minecraft:diorite":209,"supplementaries:urn":4,"butchersdelight:deadcowblock":2,"minecraft:sweet_berry_bush":1,"argentinas_delight:hojasmembrillocubo":14,"minecraft:spruce_log":13,"minecraft:coal_ore":1,"cfm:oak_coffee_table":6,"minecraft:gravel":12,"kawaiidishes:expresso_coffee":1},"minecraft:picked_up":{"minecraft:wheat":16,"vinery:red_grape":1,"minecraft:creeper_head":3,"minecraft:prismarine_shard":4,"minecraft:smithing_table":1,"minecraft:turtle_egg":1,"biomesoplenty:orange_autumn_sapling":119,"vinery:red_grape_seeds":16,"minecraft:potion":8,"minecraft:enchanted_book":2,"minecraft:brewing_stand":1,"minecraft:raw_copper":19,"minecraft:string":14,"biomesoplenty:yellow_autumn_sapling":40,"minecraft:experience_bottle":64,"minecraft:zombie_head":1,"kawaiidishes:expresso_coffee":1,"minecraft:cobbled_deepslate":12,"extradelight:corn_seeds":1,"delightful:acorn":4,"minecraft:written_book":2,"minecraft:furnace":2,"minecraft:stick":35,"argentinas_delight:batata":2,"minecraft:torch":23,"epicfight:skillbook":4,"minecraft:porkchop":2,"kawaiidishes:coffee_machine":1,"minecraft:diorite":207,"alexsmobs:centipede_leg":1,"minecraft:stone_sword":1,"minecraft:rotten_flesh":27,"supplementaries:ash":14,"minecraft:cobblestone":215,"minecraft:birch_log":70,"minecraft:leather_chestplate":2,"minecraft:feather":2,"quark:dark_oak_vertical_slab":3,"minecraft:smoker":4,"minecraft:potato":121,"minecraft:flint":1,"butchersdelight:deadpig":8,"minecraft:dirt":224,"minecraft:lantern":5,"minecraft:bone":13,"minecraft:wheat_seeds":36,"create:goggles":1,"minecraft:diamond_helmet":1,"kawaiidishes:mug":3,"minecraft:oak_planks":366,"minecraft:sand":23,"argentinas_delight:yerbamate":24,"farmersdelight:ham":1,"minecraft:dark_oak_log":71,"minecraft:sugar":6,"some_assembly_required:sandwich":3,"minecraft:diamond":1,"minecraft:granite":19,"minecraft:grass":2,"minecraft:bone_meal":1,"minecraft:spruce_sign":1,"minecraft:emerald":14,"minecraft:bread":1,"butchersdelight:hook":10,"alexsmobs:maggot":2,"minecraft:oak_sapling":25,"born_in_chaos_v1:rotten_fish":3,"minecraft:dark_oak_fence":12,"minecraft:crafting_table":1,"born_in_chaos_v1:diamond_termite_shard":4,"minecraft:chicken":1,"minecraft:clay_ball":90,"minecraft:chain":1,"minecraft:brick":2,"minecraft:red_bed":3,"memory_of_the_past:better_drop_of_knowledge":29,"born_in_chaos_v1:intoxicating_decoction":2,"butchersdelight:dead_cow":4,"minecraft:candle":1,"vinery:cherry":4,"minecraft:iron_nugget":2,"minecraft:spruce_slab":1,"minecraft:sugar_cane":9,"minecraft:raw_iron":86,"alexsmobs:cockroach_ootheca":13,"artifacts:charm_of_sinking":1,"minecraft:carrot":4,"minecraft:dark_oak_planks":1,"minecraft:tnt":3,"butchersdelight:deadsheep":6,"minecraft:tube_coral":1,"minecraft:arrow":6,"supplementaries:sconce":2,"vinery:white_grape_seeds":7,"minecraft:mutton":1,"minecraft:skeleton_skull":1,"minecraft:white_wool":4,"minecraft:stripped_oak_log":9,"born_in_chaos_v1:corpse_maggot":6,"memory_of_the_past:lesser_drop_of_knowledge":156,"minecraft:air":0,"minecraft:glow_ink_sac":4,"pfm:oak_log_stool":3,"argentinas_delight:maderadeobra":30,"minecraft:oak_log":102,"create:andesite_alloy":1,"minecraft:gunpowder":12,"minecraft:apple":25,"argentinas_delight:membrillo":7,"alexsmobs:cockroach_wing_fragment":51,"minecraft:rabbit_hide":4,"minecraft:iron_ingot":9,"minecraft:music_disc_far":1,"minecraft:stone_pickaxe":2,"minecraft:cobweb":15,"kawaiidishes:coffee_fruit":24,"artifacts:steadfast_spikes":1,"minecraft:iron_sword":1,"kawaiidishes:roasted_coffee_beans":1,"minecraft:oak_slab":28,"kawaiidishes:blender":1,"cfm:oak_coffee_table":12,"minecraft:dark_oak_slab":16,"quark:red_corundum_cluster":2,"minecraft:gravel":10,"minecraft:spruce_sapling":4,"argentinas_delight:hojasdemate":119,"minecraft:spruce_log":21,"minecraft:dark_oak_fence_gate":1,"minecraft:spider_eye":7,"butchersdelight:sheephide":1,"biomesoplenty:maple_sapling":30,"minecraft:coal":24,"minecraft:stripped_dark_oak_log":4,"memory_of_the_past:great_drop_of_knowledge":1,"minecraft:ender_pearl":1},"minecraft:broken":{"minecraft:stone_sword":1,"minecraft:iron_pickaxe":1},"minecraft:crafted":{"minecraft:brick":86,"kawaiidishes:mug":2,"minecraft:stone":6,"minecraft:iron_bars":16,"kawaiidishes:coffee_press":1,"pfm:oak_log_stool":4,"quark:dark_oak_vertical_slab":12,"minecraft:glass":23,"minecraft:iron_boots":2,"minecraft:chest":6,"cuisinedelight:spatula":1,"minecraft:bricks":9,"farmersdelight:stove":2,"minecraft:oak_slab":30,"minecraft:crafting_table":4,"minecraft:spruce_planks":148,"minecraft:wooden_pickaxe":1,"minecraft:iron_helmet":2,"cuisinedelight:plate":16,"minecraft:campfire":4,"farmersdelight:skillet":1,"pfm:working_table":1,"minecraft:spruce_trapdoor":2,"minecraft:dark_oak_slab":156,"minecraft:iron_chestplate":1,"minecraft:diamond_pickaxe":1,"minecraft:charcoal":8,"minecraft:shield":2,"quark:oak_chest":6,"minecraft:stick":28,"minecraft:stone_slab":6,"minecraft:iron_ingot":86,"kawaiidishes:roasted_coffee_beans":14,"minecraft:stone_sword":2,"pfm:birch_raw_table_log":12,"minecraft:dark_oak_fence_gate":3,"minecraft:shears":1,"cfm:oak_coffee_table":12,"minecraft:iron_nugget":54,"moredelight:stone_knife":1,"pfm:oak_kitchen_cabinet":6,"minecraft:furnace":4,"minecraft:bone_meal":36,"minecraft:glass_pane":16,"minecraft:flint_and_steel":1,"minecraft:dark_oak_fence":33,"minecraft:spruce_slab":6,"minecraft:stone_pickaxe":6,"argentinas_delight:parrilla":2,"kawaiidishes:coffee_machine":1,"quark:spruce_chest":5,"minecraft:dark_oak_planks":172,"kawaiidishes:dried_coffee_beans":20,"cuisinedelight:cuisine_skillet":1,"minecraft:sugar":2,"create:andesite_alloy":1,"kawaiidishes:blender":1,"butchersdelight:hook":9,"minecraft:iron_sword":1,"minecraft:bucket":1,"minecraft:stone_axe":6,"minecraft:air":0,"minecraft:potion":37,"minecraft:iron_shovel":1,"minecraft:iron_leggings":1,"minecraft:stonecutter":1,"minecraft:torch":100},"minecraft:dropped":{"minecraft:candle":1,"minecraft:diamond_axe":1,"minecraft:baked_potato":2,"minecraft:oak_log":8,"minecraft:glow_ink_sac":4,"minecraft:glass_bottle":1,"minecraft:dirt":16,"minecraft:dark_oak_log":6,"minecraft:dark_oak_fence":1,"artifacts:charm_of_sinking":1,"minecraft:pumpkin_pie":1,"create:goggles":1,"minecraft:sugar":6,"minecraft:birch_log":5,"minecraft:bone":1,"alexsmobs:centipede_leg":1,"minecraft:stone_axe":6,"minecraft:iron_nugget":8,"minecraft:cobbled_deepslate":1,"minecraft:rotten_flesh":21,"biomesoplenty:orange_autumn_sapling":21,"minecraft:carrot":5,"minecraft:leather_chestplate":3,"supplementaries:ash":14,"minecraft:skeleton_skull":1,"born_in_chaos_v1:corpse_maggot":6,"moredelight:stone_knife":1,"butchersdelight:hook":8,"minecraft:arrow":13,"create:andesite_alloy":1,"minecraft:iron_ingot":7,"minecraft:enchanted_book":1,"minecraft:golden_boots":1,"minecraft:bread":42,"minecraft:wheat_seeds":5,"memory_of_the_past:better_drop_of_knowledge":1,"minecraft:prismarine_shard":4,"minecraft:iron_helmet":2,"minecraft:feather":1,"minecraft:apple":1,"minecraft:coal":2,"memory_of_the_past:lesser_drop_of_knowledge":22,"minecraft:zombie_head":1,"minecraft:potion":16,"minecraft:iron_leggings":1,"delightful:acorn":3,"minecraft:iron_axe":1,"minecraft:iron_shovel":1,"minecraft:string":4,"minecraft:bucket":1,"extradelight:corn_seeds":1,"cuisinedelight:meat_fried_rice":1,"minecraft:creeper_head":2,"alexsmobs:maggot":2,"minecraft:stone_sword":3,"minecraft:experience_bottle":64,"born_in_chaos_v1:rotten_fish":1,"kawaiidishes:roasted_coffee_beans":1,"minecraft:clay_ball":4,"minecraft:iron_boots":2,"minecraft:flint_and_steel":1,"minecraft:shield":1,"alexsmobs:cockroach_wing_fragment":18,"minecraft:diamond_pickaxe":1,"kawaiidishes:expresso_coffee":1,"artifacts:cross_necklace":1,"minecraft:rabbit_stew":1,"minecraft:stone_pickaxe":6,"minecraft:brick":2},"minecraft:custom":{"minecraft:animals_bred":1,"minecraft:interact_with_crafting_table":99,"minecraft:open_barrel":30,"minecraft:eat_cake_slice":6,"minecraft:leave_game":12,"minecraft:time_since_death":104859,"minecraft:sprint_one_cm":722932,"minecraft:damage_blocked_by_shield":350,"minecraft:drop":149,"minecraft:play_time":378252,"minecraft:deaths":5,"minecraft:jump":5381,"minecraft:interact_with_brewingstand":2,"minecraft:walk_on_water_one_cm":9936,"minecraft:interact_with_furnace":188,"minecraft:sleep_in_bed":14,"minecraft:damage_dealt":39223,"minecraft:player_kills":4,"minecraft:crouch_one_cm":81653,"minecraft:interact_with_smoker":1,"minecraft:mob_kills":181,"minecraft:damage_dealt_resisted":48,"minecraft:climb_one_cm":138,"minecraft:walk_one_cm":1145978,"minecraft:chair_used":1,"minecraft:sneak_time":10109,"minecraft:walk_under_water_one_cm":2219,"minecraft:total_world_time":378252,"minecraft:interact_with_stonecutter":1,"minecraft:time_since_rest":1082,"minecraft:cabinet_searched":68,"minecraft:damage_absorbed":40,"minecraft:damage_taken":4265,"minecraft:trigger_trapped_chest":3,"minecraft:swim_one_cm":10078,"minecraft:fly_one_cm":1480141,"minecraft:open_chest":239,"minecraft:fall_one_cm":163556}},"DataVersion":3120}