{"stats":{"minecraft:killed_by":{"born_in_chaos_v1:bonescaller":1,"born_in_chaos_v1:restless_spirit":1},"minecraft:picked_up":{"memory_of_the_past:lesser_drop_of_knowledge":4,"minecraft:feather":1,"supplementaries:sconce":1,"epicfight:skillbook":1,"minecraft:enchanted_book":2,"butchersdelight:deadpig":2,"minecraft:written_book":2,"alexsmobs:maggot":2},"minecraft:custom":{"minecraft:open_chest":2,"minecraft:time_since_rest":40541,"minecraft:damage_taken":553,"minecraft:crouch_one_cm":1525,"minecraft:play_time":122852,"minecraft:sprint_one_cm":28628,"minecraft:walk_one_cm":20898,"minecraft:deaths":2,"minecraft:sneak_time":801,"minecraft:mob_kills":4,"minecraft:jump":119,"minecraft:damage_dealt_resisted":48,"minecraft:damage_dealt":652,"minecraft:leave_game":2,"minecraft:time_since_death":40521,"minecraft:total_world_time":122852,"minecraft:climb_one_cm":90,"minecraft:fall_one_cm":4696,"minecraft:fly_one_cm":54781},"minecraft:killed":{"minecraft:spider":1,"alexsmobs:fly":1,"alexsmobs:crow":1,"minecraft:zombie":1},"minecraft:mined":{"supplementaries:book_pile_horizontal":1,"supplementaries:sconce_wall":1,"minecraft:cave_vines_plant":1},"minecraft:used":{"epicfight:skillbook":1,"minecraft:enchanted_book":4,"minecraft:written_book":5,"some_assembly_required:sandwich":1}},"DataVersion":3120}