{"stats":{"minecraft:killed_by":{"born_in_chaos_v1:bonescaller":1,"born_in_chaos_v1:restless_spirit":1},"minecraft:picked_up":{"memory_of_the_past:lesser_drop_of_knowledge":4,"minecraft:feather":1,"supplementaries:sconce":1,"epicfight:skillbook":1,"minecraft:enchanted_book":2,"butchersdelight:deadpig":2,"minecraft:written_book":1,"alexsmobs:maggot":2},"minecraft:custom":{"minecraft:time_since_rest":28727,"minecraft:open_chest":2,"minecraft:crouch_one_cm":800,"minecraft:sprint_one_cm":28628,"minecraft:play_time":111038,"minecraft:deaths":2,"minecraft:damage_taken":553,"minecraft:walk_one_cm":18706,"minecraft:sneak_time":163,"minecraft:mob_kills":4,"minecraft:damage_dealt_resisted":48,"minecraft:jump":117,"minecraft:damage_dealt":652,"minecraft:leave_game":1,"minecraft:time_since_death":28707,"minecraft:climb_one_cm":90,"minecraft:total_world_time":111038,"minecraft:fall_one_cm":4696,"minecraft:fly_one_cm":54781},"minecraft:killed":{"minecraft:spider":1,"alexsmobs:fly":1,"alexsmobs:crow":1,"minecraft:zombie":1},"minecraft:mined":{"supplementaries:sconce_wall":1,"minecraft:cave_vines_plant":1},"minecraft:used":{"epicfight:skillbook":1,"minecraft:enchanted_book":1,"minecraft:written_book":1,"some_assembly_required:sandwich":1}},"DataVersion":3120}