{"stats":{"minecraft:killed_by":{"born_in_chaos_v1:bonescaller":1,"born_in_chaos_v1:restless_spirit":1},"minecraft:picked_up":{"memory_of_the_past:lesser_drop_of_knowledge":5,"vinery:red_grape":1,"minecraft:feather":1,"minecraft:creeper_head":2,"minecraft:potato":55,"vinery:red_grape_seeds":16,"minecraft:potion":2,"minecraft:enchanted_book":2,"butchersdelight:deadpig":4,"minecraft:dirt":14,"minecraft:red_bed":3,"memory_of_the_past:better_drop_of_knowledge":1,"minecraft:bone":1,"minecraft:zombie_head":1,"butchersdelight:dead_cow":1,"minecraft:wheat_seeds":3,"extradelight:corn_seeds":1,"minecraft:written_book":2,"minecraft:spruce_slab":1,"argentinas_delight:batata":2,"epicfight:skillbook":1,"minecraft:carrot":4,"minecraft:sugar":6,"some_assembly_required:sandwich":3,"supplementaries:sconce":2,"minecraft:spruce_sign":1,"minecraft:emerald":7,"alexsmobs:maggot":2,"minecraft:oak_sapling":1,"minecraft:skeleton_skull":1,"minecraft:cobblestone":2},"minecraft:custom":{"minecraft:mob_kills":6,"minecraft:interact_with_crafting_table":7,"minecraft:open_barrel":19,"minecraft:damage_dealt_resisted":48,"minecraft:eat_cake_slice":5,"minecraft:leave_game":2,"minecraft:time_since_death":76521,"minecraft:sleep_in_bed":2,"minecraft:climb_one_cm":138,"minecraft:time_since_rest":6099,"minecraft:sprint_one_cm":130586,"minecraft:damage_taken":850,"minecraft:walk_one_cm":152227,"minecraft:drop":27,"minecraft:damage_dealt":1911,"minecraft:fly_one_cm":186863,"minecraft:open_chest":34,"minecraft:play_time":158852,"minecraft:crouch_one_cm":5187,"minecraft:deaths":2,"minecraft:sneak_time":1574,"minecraft:jump":467,"minecraft:interact_with_brewingstand":1,"minecraft:total_world_time":158852,"minecraft:fall_one_cm":11825},"minecraft:dropped":{"minecraft:enchanted_book":1,"minecraft:golden_boots":1,"minecraft:bread":5,"minecraft:creeper_head":2,"alexsmobs:maggot":2,"minecraft:wheat_seeds":2,"minecraft:baked_potato":2,"minecraft:feather":1,"minecraft:carrot":5,"minecraft:leather_chestplate":1,"minecraft:skeleton_skull":1,"minecraft:potion":1,"minecraft:pumpkin_pie":1,"artifacts:cross_necklace":1,"minecraft:rabbit_stew":1,"minecraft:arrow":11,"minecraft:sugar":6,"extradelight:corn_seeds":1,"minecraft:bone":1},"minecraft:crafted":{"minecraft:crafting_table":1,"minecraft:spruce_planks":40,"minecraft:wooden_pickaxe":1,"minecraft:spruce_trapdoor":2,"minecraft:stick":4,"minecraft:spruce_slab":6,"quark:spruce_chest":2},"minecraft:killed":{"born_in_chaos_v1:baby_skeleton":1,"minecraft:spider":1,"alexsmobs:blue_jay":1,"minecraft:zombie":1,"alexsmobs:crow":1,"alexsmobs:fly":1},"minecraft:mined":{"biomesoplenty:orange_autumn_leaves":1,"supplementaries:book_pile_horizontal":1,"argentinas_delight:batatamadura":1,"minecraft:red_bed":2,"minecraft:cave_vines_plant":1,"vinery:red_grape_bush":8,"minecraft:grass_block":10,"minecraft:creeper_wall_head":1,"extradelight:corn_bottom":1,"supplementaries:sconce":2,"supplementaries:sconce_wall":1,"supplementaries:urn":1,"some_assembly_required:sandwich":2,"minecraft:grass":8,"minecraft:skeleton_wall_skull":1,"minecraft:potatoes":28,"minecraft:dirt":5,"minecraft:zombie_wall_head":1,"minecraft:stone":2,"minecraft:oak_leaves":3,"minecraft:spruce_slab":1},"minecraft:used":{"epicfight:skillbook":1,"minecraft:spruce_slab":7,"minecraft:glass_bottle":21,"minecraft:baked_potato":1,"minecraft:spruce_planks":4,"minecraft:wooden_pickaxe":2,"minecraft:spruce_sign":1,"minecraft:green_bed":1,"supplementaries:sconce":2,"minecraft:dirt":2,"minecraft:crafting_table":1,"minecraft:red_bed":3,"minecraft:carrot":7,"some_assembly_required:sandwich":6,"minecraft:cake":1,"quark:spruce_chest":2,"minecraft:bread":4,"minecraft:spruce_trapdoor":2,"argentinas_delight:batata":2,"minecraft:rabbit_stew":1,"minecraft:enchanted_book":4,"minecraft:potion":3,"minecraft:written_book":7,"minecraft:oak_sapling":1,"minecraft:air":1}},"DataVersion":3120}