{"stats":{"minecraft:killed":{"born_in_chaos_v1:baby_skeleton":1,"minecraft:spider":1,"alexsmobs:blue_jay":1,"minecraft:zombie":1,"alexsmobs:crow":1,"alexsmobs:fly":1},"minecraft:killed_by":{"born_in_chaos_v1:bonescaller":1,"born_in_chaos_v1:restless_spirit":1,"minecraft:creeper":1},"minecraft:used":{"epicfight:skillbook":1,"minecraft:stone_pickaxe":184,"minecraft:glass_bottle":21,"minecraft:spruce_slab":7,"minecraft:baked_potato":4,"minecraft:spruce_planks":4,"minecraft:wooden_pickaxe":22,"minecraft:spruce_sign":1,"minecraft:green_bed":1,"supplementaries:sconce":2,"minecraft:torch":16,"minecraft:dirt":5,"minecraft:crafting_table":3,"minecraft:red_bed":3,"minecraft:carrot":7,"some_assembly_required:sandwich":6,"argentinas_delight:membrillo":1,"minecraft:granite":19,"minecraft:cake":1,"minecraft:apple":2,"quark:spruce_chest":2,"minecraft:bread":6,"minecraft:spruce_trapdoor":2,"moredelight:stone_knife":2,"argentinas_delight:batata":2,"minecraft:rabbit_stew":1,"minecraft:enchanted_book":4,"minecraft:stone_axe":14,"minecraft:cobblestone":23,"minecraft:potion":4,"minecraft:written_book":7,"minecraft:oak_sapling":1,"minecraft:furnace":5,"minecraft:air":1},"minecraft:mined":{"biomesoplenty:orange_autumn_leaves":1,"supplementaries:book_pile_horizontal":1,"argentinas_delight:batatamadura":1,"argentinas_delight:brotemembrillo":1,"minecraft:red_bed":2,"minecraft:torch":3,"minecraft:cave_vines_plant":1,"minecraft:granite":22,"vinery:red_grape_bush":8,"minecraft:grass_block":10,"minecraft:creeper_wall_head":1,"minecraft:copper_ore":4,"minecraft:cobblestone":3,"extradelight:corn_bottom":1,"supplementaries:sconce":2,"supplementaries:sconce_wall":1,"minecraft:wall_torch":5,"supplementaries:urn":1,"minecraft:furnace":1,"treechop:chopped_log":2,"some_assembly_required:sandwich":2,"minecraft:grass":21,"minecraft:skeleton_wall_skull":1,"minecraft:potatoes":28,"minecraft:deepslate_iron_ore":2,"minecraft:coal_ore":1,"minecraft:dirt":5,"minecraft:zombie_wall_head":1,"minecraft:stone":166,"minecraft:oak_leaves":3,"minecraft:spruce_slab":1,"minecraft:deepslate":4},"minecraft:picked_up":{"memory_of_the_past:lesser_drop_of_knowledge":5,"vinery:red_grape":1,"minecraft:feather":1,"minecraft:creeper_head":3,"minecraft:potato":55,"biomesoplenty:orange_autumn_sapling":4,"vinery:red_grape_seeds":16,"minecraft:potion":2,"minecraft:enchanted_book":2,"butchersdelight:deadpig":4,"minecraft:dirt":15,"minecraft:red_bed":3,"minecraft:raw_copper":19,"memory_of_the_past:better_drop_of_knowledge":1,"minecraft:bone":1,"minecraft:zombie_head":1,"butchersdelight:dead_cow":1,"minecraft:apple":3,"minecraft:wheat_seeds":4,"minecraft:cobbled_deepslate":3,"argentinas_delight:membrillo":1,"extradelight:corn_seeds":1,"minecraft:stone_pickaxe":1,"minecraft:written_book":2,"minecraft:spruce_slab":1,"minecraft:furnace":1,"minecraft:stick":4,"minecraft:raw_iron":2,"argentinas_delight:batata":2,"minecraft:torch":9,"epicfight:skillbook":1,"minecraft:carrot":4,"minecraft:dark_oak_log":13,"butchersdelight:sheephide":1,"minecraft:sugar":6,"some_assembly_required:sandwich":3,"supplementaries:sconce":2,"minecraft:granite":19,"minecraft:bread":1,"minecraft:spruce_sign":1,"minecraft:emerald":7,"alexsmobs:maggot":2,"minecraft:oak_sapling":1,"minecraft:mutton":1,"minecraft:coal":1,"minecraft:skeleton_skull":1,"minecraft:cobblestone":178},"minecraft:crafted":{"minecraft:crafting_table":3,"moredelight:stone_knife":1,"minecraft:spruce_planks":84,"minecraft:wooden_pickaxe":1,"minecraft:furnace":4,"minecraft:stone_axe":1,"minecraft:air":0,"minecraft:spruce_trapdoor":2,"minecraft:potion":37,"minecraft:charcoal":8,"minecraft:shield":2,"minecraft:stone_sword":1,"minecraft:spruce_slab":6,"minecraft:stick":28,"minecraft:iron_ingot":2,"minecraft:stone_pickaxe":6,"quark:spruce_chest":2,"minecraft:torch":28,"minecraft:dark_oak_planks":12},"minecraft:dropped":{"minecraft:bread":38,"minecraft:enchanted_book":1,"minecraft:golden_boots":1,"minecraft:creeper_head":2,"alexsmobs:maggot":2,"minecraft:wheat_seeds":2,"minecraft:stone_sword":1,"minecraft:baked_potato":2,"minecraft:feather":1,"minecraft:apple":1,"minecraft:carrot":5,"minecraft:leather_chestplate":1,"minecraft:shield":1,"minecraft:skeleton_skull":1,"minecraft:zombie_head":1,"minecraft:potion":10,"minecraft:pumpkin_pie":1,"artifacts:cross_necklace":1,"minecraft:rabbit_stew":1,"minecraft:arrow":11,"minecraft:stone_pickaxe":5,"minecraft:sugar":6,"extradelight:corn_seeds":1,"minecraft:bone":1},"minecraft:custom":{"minecraft:interact_with_furnace":27,"minecraft:mob_kills":6,"minecraft:interact_with_crafting_table":25,"minecraft:open_barrel":19,"minecraft:damage_dealt_resisted":48,"minecraft:eat_cake_slice":5,"minecraft:leave_game":3,"minecraft:time_since_death":21170,"minecraft:climb_one_cm":138,"minecraft:sleep_in_bed":4,"minecraft:time_since_rest":21190,"minecraft:sprint_one_cm":176646,"minecraft:damage_taken":1720,"minecraft:walk_one_cm":238654,"minecraft:drop":40,"minecraft:damage_dealt":2242,"minecraft:fly_one_cm":237139,"minecraft:play_time":204306,"minecraft:open_chest":49,"minecraft:crouch_one_cm":12634,"minecraft:sneak_time":3130,"minecraft:deaths":4,"minecraft:jump":787,"minecraft:interact_with_brewingstand":1,"minecraft:total_world_time":204306,"minecraft:fall_one_cm":21491}},"DataVersion":3120}