{"stats":{"minecraft:killed_by":{"born_in_chaos_v1:bonescaller":1,"born_in_chaos_v1:restless_spirit":1},"minecraft:picked_up":{"memory_of_the_past:lesser_drop_of_knowledge":4,"minecraft:feather":1,"minecraft:creeper_head":2,"epicfight:skillbook":1,"minecraft:enchanted_book":2,"butchersdelight:deadpig":2,"minecraft:red_bed":1,"minecraft:zombie_head":1,"memory_of_the_past:better_drop_of_knowledge":1,"minecraft:bone":1,"some_assembly_required:sandwich":3,"supplementaries:sconce":1,"minecraft:written_book":2,"minecraft:spruce_sign":1,"alexsmobs:maggot":2,"minecraft:skeleton_skull":1},"minecraft:custom":{"minecraft:time_since_rest":64541,"minecraft:sprint_one_cm":68487,"minecraft:damage_taken":610,"minecraft:walk_one_cm":95927,"minecraft:mob_kills":5,"minecraft:drop":18,"minecraft:damage_dealt":1047,"minecraft:fly_one_cm":97298,"minecraft:open_barrel":14,"minecraft:open_chest":16,"minecraft:crouch_one_cm":4229,"minecraft:play_time":146852,"minecraft:deaths":2,"minecraft:sneak_time":1382,"minecraft:damage_dealt_resisted":48,"minecraft:jump":245,"minecraft:eat_cake_slice":5,"minecraft:time_since_death":64521,"minecraft:leave_game":2,"minecraft:climb_one_cm":138,"minecraft:total_world_time":146852,"minecraft:fall_one_cm":6577},"minecraft:dropped":{"minecraft:bread":5,"minecraft:enchanted_book":1,"minecraft:golden_boots":1,"minecraft:leather_chestplate":1,"minecraft:creeper_head":2,"minecraft:baked_potato":2,"minecraft:skeleton_skull":1,"artifacts:cross_necklace":1,"minecraft:potion":1,"minecraft:pumpkin_pie":1,"minecraft:rabbit_stew":1,"minecraft:carrot":1},"minecraft:killed":{"minecraft:zombie":1,"born_in_chaos_v1:baby_skeleton":1,"minecraft:spider":1,"alexsmobs:fly":1,"alexsmobs:crow":1},"minecraft:mined":{"supplementaries:urn":1,"supplementaries:book_pile_horizontal":1,"some_assembly_required:sandwich":2,"minecraft:cave_vines_plant":1,"minecraft:skeleton_wall_skull":1,"minecraft:creeper_wall_head":1,"minecraft:zombie_wall_head":1,"supplementaries:sconce_wall":1},"minecraft:used":{"epicfight:skillbook":1,"minecraft:rabbit_stew":1,"minecraft:enchanted_book":4,"minecraft:potion":1,"minecraft:written_book":7,"some_assembly_required:sandwich":6,"minecraft:cake":1}},"DataVersion":3120}