{"stats":{"minecraft:killed":{"minecraft:cave_spider":1,"minecraft:witch":2,"minecraft:spider":11,"minecraft:skeleton":12,"alexsmobs:centipede_head":1,"artifacts:mimic":1,"born_in_chaos_v1:diamond_termite":4,"minecraft:creeper":12,"minecraft:sheep":4,"minecraft:zombie":36,"born_in_chaos_v1:dread_hound":1,"alexsmobs:fly":2,"born_in_chaos_v1:zombie_clown_not_despawn":1,"born_in_chaos_v1:maggot":15,"alexsmobs:blue_jay":1,"born_in_chaos_v1:corpse_fish":4,"born_in_chaos_v1:barrel_zombie":1,"born_in_chaos_v1:baby_skeleton":1,"alexsmobs:cockroach":94,"alexsmobs:crow":1,"minecraft:enderman":1},"minecraft:killed_by":{"minecraft:creeper":1,"born_in_chaos_v1:restless_spirit":1,"born_in_chaos_v1:bonescaller":1},"minecraft:used":{"cuisinedelight:plate":4,"minecraft:iron_shovel":309,"minecraft:spruce_slab":7,"minecraft:poppy":1,"kawaiidishes:expresso_coffee":9,"farmersdelight:stove":4,"minecraft:shield":11,"butchersdelight:hook":8,"minecraft:iron_sword":209,"kawaiidishes:blender":2,"minecraft:grass":2,"minecraft:carrot":7,"create:depot":1,"minecraft:tuff":9,"argentinas_delight:sanguchedemilanesa":1,"minecraft:lantern":4,"minecraft:dark_oak_slab":160,"cuisinedelight:cuisine_skillet":2,"minecraft:rabbit_stew":1,"argentinas_delight:batata":2,"travelersbackpack:red_sleeping_bag":1,"farmersdelight:cutting_board":3,"minecraft:written_book":7,"minecraft:oak_sapling":2,"minecraft:furnace":6,"minecraft:egg":1,"kawaiidishes:mug":1,"epicfight:skillbook":7,"minecraft:stone_pickaxe":186,"minecraft:oak_planks":3,"minecraft:wooden_pickaxe":22,"quark:dark_oak_vertical_slab":15,"minecraft:sugar_cane":7,"minecraft:diamond_axe":463,"butchersdelight:skullcow":1,"minecraft:golden_apple":1,"minecraft:sand":1,"some_assembly_required:sandwich":16,"extradelight:sweet_berry_custard":1,"pfm:working_table":1,"minecraft:melon_slice":9,"minecraft:dark_oak_log":68,"minecraft:bread":45,"biomesoplenty:yellow_autumn_sapling":1,"born_in_chaos_v1:marigolds":1,"minecraft:gravel":3,"extradelight:sliced_apple":1,"kawaiidishes:magenta_maid_dress":1,"born_in_chaos_v1:river_mint":1,"minecraft:smithing_table":1,"minecraft:dark_oak_fence":44,"extradelight:honey_custard":1,"minecraft:air":1,"minecraft:bone_meal":38,"argentinas_delight:hojasdemate":94,"delightful:acorn":1,"minecraft:experience_bottle":128,"argentinas_delight:chinchulinesitem":2,"extradelight:tomato_juice":1,"minecraft:stone_sword":131,"minecraft:flint_and_steel":2,"minecraft:spruce_planks":5,"supplementaries:sconce":2,"minecraft:stick":35,"minecraft:torch":153,"minecraft:dirt":64,"minecraft:granite":19,"argentinas_delight:tablachura":1,"farmersdelight:beef_patty":3,"minecraft:dark_oak_planks":1,"butchersdelight:cleaver":19,"quark:spruce_chest":5,"create:wrench":3,"minecraft:iron_axe":74,"kawaiidishes:coffee_fruit":1,"pfm:oak_kitchen_cabinet":6,"pfm:oak_log_stool":7,"kawaiidishes:coffee_machine":2,"minecraft:cooked_beef":1,"cuisinedelight:meat_platter":2,"pfm:birch_raw_table_log":12,"minecraft:cobbled_deepslate":12,"some_assembly_required:sandwiching_station":2,"farmersdelight:iron_knife":20,"minecraft:water_bucket":6,"minecraft:glass_bottle":22,"minecraft:baked_potato":4,"minecraft:spruce_sign":1,"minecraft:stonecutter":1,"minecraft:green_bed":1,"cfm:oak_coffee_table":24,"minecraft:stripped_dark_oak_log":4,"minecraft:oak_slab":58,"minecraft:red_bed":3,"minecraft:crafting_table":7,"bakery:strawberry":1,"minecraft:campfire":2,"minecraft:dark_oak_fence_gate":4,"argentinas_delight:membrillo":1,"minecraft:spruce_log":21,"biomesoplenty:orange_autumn_sapling":19,"minecraft:cake":1,"minecraft:smoker":2,"farmersdelight:minced_beef":1,"minecraft:oak_log":82,"minecraft:diamond_pickaxe":364,"minecraft:apple":4,"create:mechanical_press":1,"extradelight:carrot_salad":1,"minecraft:iron_pickaxe":250,"minecraft:stone_slab":3,"minecraft:spruce_trapdoor":2,"moredelight:stone_knife":3,"minecraft:spruce_sapling":4,"minecraft:stone_axe":14,"minecraft:enchanted_book":4,"minecraft:cobblestone":128,"minecraft:potion":22,"travelersbackpack:standard":8,"minecraft:bucket":13,"create:hand_crank":1,"minecraft:stripped_oak_log":9,"butchersdelight:rack":5},"minecraft:mined":{"minecraft:dark_oak_planks":1,"argentinas_delight:batatamadura":1,"minecraft:spruce_planks":1,"create:andesite_casing":20,"minecraft:brewing_stand":1,"minecraft:granite":22,"minecraft:cave_vines_plant":1,"argentinas_delight:hojasdemate":119,"travelersbackpack:red_sleeping_bag":1,"minecraft:grass_block":158,"supplementaries:sconce_wall":1,"pfm:oak_log_stool":3,"minecraft:raw_iron_block":2,"minecraft:fire":2,"minecraft:iron_ore":30,"argentinas_delight:ramasdematedeyerba":4,"bakery:strawberry_taiga":2,"minecraft:skeleton_wall_skull":1,"supplementaries:stick":3,"argentinas_delight:basedearbolmate":1,"kawaiidishes:mug":2,"quark:dark_oak_vertical_slab":4,"kawaiidishes:coffee_machine":1,"minecraft:spruce_slab":1,"quark:red_corundum_cluster":2,"minecraft:red_bed":2,"argentinas_delight:brotemembrillo":1,"delightful:sliced_mini_melon":1,"minecraft:smoker":4,"minecraft:clay":23,"minecraft:torch":9,"vinery:red_grape_bush":8,"minecraft:poppy":3,"minecraft:creeper_wall_head":1,"minecraft:cobblestone":27,"extradelight:corn_bottom":1,"minecraft:sugar_cane":5,"minecraft:oak_planks":2,"minecraft:wall_torch":13,"vinery:white_grape_bush":3,"minecraft:chain":1,"minecraft:wheat":4,"biomesoplenty:orange_autumn_sapling":1,"minecraft:dark_oak_slab":14,"farmersdelight:cutting_board":1,"minecraft:birch_log":18,"born_in_chaos_v1:river_mint":1,"minecraft:tnt":1,"some_assembly_required:sandwich":4,"minecraft:grass":47,"butchersdelight:hook":7,"minecraft:oak_log":33,"minecraft:sand":114,"minecraft:dirt":57,"minecraft:zombie_wall_head":1,"minecraft:oak_leaves":7,"minecraft:deepslate":71,"biomesoplenty:orange_autumn_leaves":1,"minecraft:tuff":20,"minecraft:deepslate_diamond_ore":10,"minecraft:candle":2,"farmersdelight:wild_carrots":6,"minecraft:dark_oak_log":6,"argentinas_delight:ramabajamembrillo":4,"born_in_chaos_v1:infected_diamond_ore":2,"butchersdelight:deadsheepblock":2,"kawaiidishes:blender":1,"minecraft:dark_oak_fence":12,"minecraft:allium":4,"kawaiidishes:coffee_bush":1,"minecraft:spruce_leaves":7,"butchersdelight:deadpigblock":1,"farmersdelight:wild_onions":13,"argentinas_delight:ramaltamembrillo":4,"cooking_with_mindthemoods:apple_blossoms_mature":1,"minecraft:furnace":2,"minecraft:andesite":2,"argentinas_delight:flormembrillo":2,"minecraft:dark_oak_fence_gate":1,"treechop:chopped_log":8,"minecraft:potatoes":28,"minecraft:deepslate_iron_ore":191,"minecraft:lantern":3,"minecraft:stripped_oak_log":9,"butchersdelight:skullcow":7,"minecraft:stone":181,"supplementaries:wall_lantern":2,"minecraft:smithing_table":2,"supplementaries:book_pile_horizontal":1,"minecraft:oak_slab":27,"born_in_chaos_v1:marigolds":1,"minecraft:stripped_dark_oak_log":4,"travelersbackpack:standard":1,"some_assembly_required:sandwiching_station":1,"minecraft:crafting_table":2,"minecraft:emerald_ore":2,"minecraft:tall_grass":7,"minecraft:copper_ore":4,"delightful:wild_salmonberries":8,"cuisinedelight:cuisine_skillet":1,"supplementaries:sconce":2,"butchersdelight:deadchickenblock":1,"minecraft:diorite":209,"argentinas_delight:tablasado_3click":1,"supplementaries:urn":4,"butchersdelight:deadcowblock":2,"minecraft:sweet_berry_bush":1,"argentinas_delight:hojasmembrillocubo":14,"minecraft:spruce_log":13,"pfm:working_table":1,"minecraft:coal_ore":1,"cfm:oak_coffee_table":6,"minecraft:gravel":12,"farmersdelight:stove":2,"kawaiidishes:expresso_coffee":1},"minecraft:picked_up":{"minecraft:wheat":18,"vinery:red_grape":1,"minecraft:creeper_head":3,"minecraft:prismarine_shard":4,"minecraft:smithing_table":2,"minecraft:turtle_egg":1,"biomesoplenty:orange_autumn_sapling":119,"vinery:red_grape_seeds":16,"minecraft:potion":8,"minecraft:enchanted_book":2,"minecraft:brewing_stand":1,"farmersdelight:cutting_board":1,"minecraft:raw_copper":19,"minecraft:string":14,"biomesoplenty:yellow_autumn_sapling":40,"minecraft:experience_bottle":64,"minecraft:zombie_head":1,"kawaiidishes:expresso_coffee":1,"extradelight:grilled_corn_on_cob":5,"some_assembly_required:burger_bun_bottom":1,"minecraft:cobbled_deepslate":65,"extradelight:corn_seeds":1,"delightful:acorn":4,"minecraft:written_book":2,"minecraft:melon_slice":43,"farmersdelight:cabbage_seeds":9,"minecraft:furnace":2,"minecraft:stick":38,"argentinas_delight:batata":2,"minecraft:torch":26,"create:andesite_casing":20,"epicfight:skillbook":4,"minecraft:porkchop":4,"kawaiidishes:coffee_machine":1,"minecraft:diorite":207,"alexsmobs:centipede_leg":1,"cuisinedelight:cuisine_skillet":1,"aquaculture:fish_fillet_cooked":6,"minecraft:stone_sword":1,"minecraft:rotten_flesh":30,"farmersdelight:onion":10,"supplementaries:ash":14,"farmersdelight:raw_pasta":1,"minecraft:cobblestone":218,"extradelight:mayo_jar_item":1,"minecraft:birch_log":70,"minecraft:leather_chestplate":2,"minecraft:feather":2,"minecraft:cooked_beef":4,"minecraft:andesite":2,"quark:dark_oak_vertical_slab":3,"minecraft:smoker":4,"minecraft:magenta_dye":2,"minecraft:potato":124,"farmersdelight:bacon":8,"minecraft:flint":1,"butchersdelight:deadpig":11,"minecraft:tuff":11,"farmersdelight:cooked_bacon":7,"argentinas_delight:tablachura":1,"minecraft:dirt":224,"minecraft:lantern":5,"born_in_chaos_v1:monster_skin":1,"born_in_chaos_v1:marigolds":1,"minecraft:glass":2,"minecraft:bone":15,"argentinas_delight:tirasdeasado":1,"minecraft:wheat_seeds":44,"create:goggles":2,"minecraft:diamond_helmet":1,"kawaiidishes:mug":3,"minecraft:oak_planks":374,"extradelight:sliced_potato":16,"butchersdelight:skullcow":4,"butchersdelight:cow_hide":23,"minecraft:sand":117,"extradelight:corn_silk":8,"argentinas_delight:yerbamate":24,"farmersdelight:ham":2,"minecraft:dark_oak_log":71,"minecraft:orange_wool":2,"minecraft:sugar":6,"some_assembly_required:sandwich":4,"minecraft:diamond":11,"waystones:waystone":1,"extradelight:corn_on_cob":5,"minecraft:granite":19,"minecraft:grass":2,"minecraft:bone_meal":2,"extradelight:unshucked_corn":5,"some_assembly_required:sandwiching_station":1,"minecraft:spruce_sign":1,"minecraft:emerald":16,"minecraft:bread":2,"butchersdelight:hook":10,"alexsmobs:maggot":2,"minecraft:oak_sapling":25,"born_in_chaos_v1:rotten_fish":3,"minecraft:bricks":1,"minecraft:dark_oak_fence":12,"minecraft:crafting_table":2,"born_in_chaos_v1:diamond_termite_shard":4,"kawaiidishes:magenta_maid_dress":2,"minecraft:allium":20,"born_in_chaos_v1:river_mint":1,"minecraft:chicken":1,"minecraft:clay_ball":90,"argentinas_delight:achurasitem":1,"minecraft:chain":1,"minecraft:shield":1,"minecraft:brick":2,"some_assembly_required:chopped_carrot":2,"minecraft:red_bed":3,"memory_of_the_past:better_drop_of_knowledge":34,"born_in_chaos_v1:intoxicating_decoction":2,"butchersdelight:dead_cow":32,"farmersdelight:beef_patty":32,"minecraft:candle":1,"minecraft:beef":47,"vinery:cherry":12,"minecraft:iron_nugget":18,"minecraft:poppy":3,"minecraft:spruce_slab":1,"minecraft:sugar_cane":9,"minecraft:raw_iron":235,"farmersdelight:minced_beef":81,"alexsmobs:cockroach_ootheca":21,"artifacts:charm_of_sinking":2,"extradelight:corn_husk":11,"minecraft:carrot":5,"minecraft:dark_oak_planks":1,"minecraft:tnt":3,"butchersdelight:deadsheep":6,"minecraft:tube_coral":1,"minecraft:arrow":10,"argentinas_delight:nalga":1,"supplementaries:sconce":2,"aquaculture:fish_fillet_raw":8,"vinery:white_grape_seeds":7,"pfm:working_table":1,"minecraft:saddle":1,"minecraft:mutton":1,"vinery:rotten_cherry":1,"minecraft:skeleton_skull":1,"minecraft:white_wool":9,"minecraft:stripped_oak_log":9,"born_in_chaos_v1:corpse_maggot":8,"memory_of_the_past:lesser_drop_of_knowledge":174,"minecraft:air":0,"extradelight:sliced_apple":1,"born_in_chaos_v1:monster_flesh":1,"minecraft:glow_ink_sac":4,"minecraft:leather":15,"travelersbackpack:red_sleeping_bag":1,"pfm:oak_log_stool":3,"argentinas_delight:maderadeobra":30,"minecraft:oak_log":103,"create:andesite_alloy":1,"minecraft:gunpowder":14,"butchersdelight:deadchiken":1,"minecraft:cooked_mutton":4,"minecraft:apple":25,"cuisinedelight:meat_platter":2,"argentinas_delight:membrillo":9,"alexsmobs:cockroach_wing_fragment":54,"minecraft:rabbit_hide":4,"minecraft:iron_ingot":21,"minecraft:music_disc_far":1,"minecraft:stone_pickaxe":2,"minecraft:cobweb":15,"kawaiidishes:coffee_fruit":24,"artifacts:steadfast_spikes":2,"minecraft:iron_sword":1,"kawaiidishes:roasted_coffee_beans":1,"minecraft:oak_slab":28,"kawaiidishes:blender":1,"bakery:strawberry":5,"cfm:oak_coffee_table":12,"minecraft:dark_oak_slab":16,"quark:red_corundum_cluster":2,"minecraft:sweet_berries":1,"minecraft:raw_iron_block":2,"minecraft:gravel":10,"delightful:salmonberries":8,"minecraft:spruce_sapling":4,"argentinas_delight:hojasdemate":119,"minecraft:spruce_log":21,"some_assembly_required:burger_bun_top":4,"minecraft:dark_oak_fence_gate":1,"minecraft:spider_eye":7,"travelersbackpack:standard":3,"butchersdelight:sheephide":1,"biomesoplenty:maple_sapling":30,"farmersdelight:stove":2,"minecraft:coal":24,"minecraft:stripped_dark_oak_log":4,"memory_of_the_past:great_drop_of_knowledge":1,"minecraft:pink_dye":2,"minecraft:ender_pearl":1},"minecraft:broken":{"minecraft:stone_sword":1,"minecraft:iron_pickaxe":1},"minecraft:crafted":{"minecraft:brick":86,"minecraft:smooth_stone":2,"travelersbackpack:crafting_upgrade":2,"kawaiidishes:mug":2,"minecraft:stone":8,"travelersbackpack:pink_sleeping_bag":1,"minecraft:iron_bars":16,"butchersdelight:rack":5,"kawaiidishes:coffee_press":1,"pfm:oak_log_stool":4,"quark:dark_oak_vertical_slab":12,"minecraft:glass":51,"minecraft:iron_boots":2,"create:mechanical_press":1,"minecraft:chest":6,"cuisinedelight:spatula":1,"minecraft:bricks":9,"create:cogwheel":1,"farmersdelight:stove":2,"create:depot":1,"minecraft:oak_slab":30,"travelersbackpack:iron_tier_upgrade":2,"argentinas_delight:sanguchedemilanesa":3,"minecraft:crafting_table":6,"farmersdelight:iron_knife":1,"minecraft:spruce_planks":148,"travelersbackpack:standard":3,"minecraft:wooden_pickaxe":1,"minecraft:iron_helmet":2,"minecraft:red_wool":2,"some_assembly_required:sandwiching_station":1,"cuisinedelight:plate":16,"butchersdelight:cleaver":1,"minecraft:birch_planks":36,"minecraft:campfire":4,"farmersdelight:skillet":1,"travelersbackpack:red_sleeping_bag":1,"pfm:working_table":1,"aquaculture:iron_fillet_knife":1,"minecraft:pink_wool":2,"farmersdelight:cutting_board":2,"minecraft:string":8,"minecraft:spruce_trapdoor":2,"argentinas_delight:milanesacruda":3,"minecraft:dark_oak_slab":156,"minecraft:iron_chestplate":1,"minecraft:diamond_pickaxe":1,"minecraft:charcoal":8,"minecraft:shield":2,"quark:oak_chest":7,"minecraft:stick":32,"minecraft:stone_slab":6,"minecraft:iron_ingot":214,"kawaiidishes:roasted_coffee_beans":17,"minecraft:iron_block":1,"minecraft:stone_sword":2,"pfm:birch_raw_table_log":12,"minecraft:gold_ingot":1,"minecraft:dark_oak_fence_gate":3,"argentinas_delight:milanesa":3,"minecraft:shears":2,"minecraft:raw_iron":18,"create:wrench":1,"cfm:oak_coffee_table":12,"minecraft:iron_nugget":191,"moredelight:stone_knife":1,"pfm:oak_kitchen_cabinet":6,"minecraft:furnace":4,"minecraft:bone_meal":36,"travelersbackpack:blank_upgrade":4,"minecraft:glass_pane":16,"minecraft:flint_and_steel":1,"quark:dark_oak_chest":2,"minecraft:dark_oak_fence":33,"minecraft:spruce_slab":6,"minecraft:stone_pickaxe":6,"argentinas_delight:parrilla":2,"kawaiidishes:coffee_machine":1,"quark:spruce_chest":5,"minecraft:dark_oak_planks":172,"argentinas_delight:dagagauchatool":1,"kawaiidishes:dried_coffee_beans":20,"cuisinedelight:cuisine_skillet":1,"minecraft:sugar":2,"minecraft:red_dye":2,"create:andesite_alloy":73,"create:hand_crank":1,"kawaiidishes:blender":1,"butchersdelight:hook":9,"travelersbackpack:backpack_tank":6,"minecraft:iron_sword":2,"create:dough":4,"minecraft:bucket":2,"minecraft:stone_axe":6,"minecraft:air":0,"minecraft:potion":37,"minecraft:white_wool":2,"minecraft:iron_shovel":2,"minecraft:iron_leggings":1,"minecraft:stonecutter":1,"create:shaft":8,"minecraft:andesite":180,"minecraft:torch":132,"some_assembly_required:burger_bun":5},"minecraft:dropped":{"aquaculture:iron_fillet_knife":1,"minecraft:candle":1,"butchersdelight:dead_cow":9,"minecraft:cooked_beef":3,"minecraft:diamond_axe":1,"minecraft:baked_potato":2,"minecraft:oak_log":8,"minecraft:glow_ink_sac":4,"minecraft:glass_bottle":1,"farmersdelight:cooked_bacon":2,"bakery:strawberry":4,"some_assembly_required:burger_bun":3,"argentinas_delight:sanguchedemilanesa":2,"minecraft:saddle":1,"vinery:rotten_cherry":1,"farmersdelight:beef_patty":21,"born_in_chaos_v1:monster_flesh":1,"minecraft:dirt":16,"aquaculture:fish_fillet_raw":5,"minecraft:dark_oak_log":6,"born_in_chaos_v1:monster_skin":1,"minecraft:dark_oak_fence":1,"artifacts:charm_of_sinking":2,"minecraft:pumpkin_pie":1,"create:goggles":2,"minecraft:sugar":6,"minecraft:birch_log":5,"minecraft:white_wool":5,"butchersdelight:cow_hide":2,"minecraft:gold_ingot":3,"minecraft:bone":1,"minecraft:gravel":7,"alexsmobs:centipede_leg":1,"minecraft:stone_axe":6,"minecraft:iron_nugget":8,"minecraft:cobbled_deepslate":1,"butchersdelight:cleaver":1,"minecraft:rotten_flesh":25,"minecraft:oak_planks":8,"biomesoplenty:orange_autumn_sapling":21,"minecraft:carrot":5,"minecraft:leather_chestplate":3,"supplementaries:ash":14,"some_assembly_required:burger_bun_top":2,"minecraft:skeleton_skull":1,"born_in_chaos_v1:corpse_maggot":8,"moredelight:stone_knife":1,"butchersdelight:hook":8,"minecraft:arrow":17,"minecraft:glass":2,"minecraft:beef":1,"create:andesite_alloy":1,"minecraft:iron_ingot":19,"minecraft:enchanted_book":1,"minecraft:golden_boots":1,"minecraft:bread":43,"minecraft:wheat_seeds":6,"memory_of_the_past:better_drop_of_knowledge":1,"cuisinedelight:meat_platter":3,"minecraft:cobblestone":2,"minecraft:prismarine_shard":4,"minecraft:iron_helmet":2,"minecraft:feather":1,"minecraft:apple":1,"extradelight:corn_silk":8,"minecraft:coal":2,"minecraft:stick":3,"butchersdelight:skullcow":3,"minecraft:torch":2,"minecraft:melon_slice":2,"extradelight:grilled_corn_on_cob":2,"memory_of_the_past:lesser_drop_of_knowledge":22,"minecraft:zombie_head":1,"minecraft:potion":16,"minecraft:iron_leggings":1,"delightful:acorn":3,"minecraft:iron_axe":1,"minecraft:iron_shovel":1,"minecraft:string":4,"minecraft:bucket":1,"extradelight:corn_seeds":1,"cuisinedelight:meat_fried_rice":2,"minecraft:bricks":2,"minecraft:sweet_berries":2,"minecraft:creeper_head":2,"alexsmobs:maggot":2,"minecraft:stone_sword":3,"minecraft:tuff":2,"minecraft:experience_bottle":64,"born_in_chaos_v1:rotten_fish":1,"kawaiidishes:roasted_coffee_beans":1,"minecraft:clay_ball":4,"minecraft:iron_boots":2,"extradelight:mayo_jar_item":1,"minecraft:flint_and_steel":1,"minecraft:potato":3,"minecraft:shield":2,"alexsmobs:cockroach_wing_fragment":21,"minecraft:andesite":2,"minecraft:diamond_pickaxe":1,"artifacts:steadfast_spikes":1,"farmersdelight:minced_beef":11,"kawaiidishes:expresso_coffee":1,"artifacts:cross_necklace":1,"minecraft:rabbit_stew":1,"minecraft:stone_pickaxe":6,"farmersdelight:ham":1,"extradelight:corn_husk":11,"kawaiidishes:magenta_maid_dress":2,"minecraft:brick":2},"minecraft:custom":{"minecraft:animals_bred":2,"minecraft:interact_with_crafting_table":160,"minecraft:open_barrel":39,"minecraft:eat_cake_slice":6,"minecraft:leave_game":12,"minecraft:time_since_death":54068,"minecraft:sprint_one_cm":985325,"minecraft:damage_blocked_by_shield":425,"minecraft:drop":280,"minecraft:talked_to_villager":3,"minecraft:play_time":450252,"minecraft:deaths":6,"minecraft:jump":7709,"minecraft:interact_with_brewingstand":2,"minecraft:walk_on_water_one_cm":9936,"minecraft:interact_with_furnace":259,"minecraft:interact_with_cartography_table":1,"minecraft:sleep_in_bed":20,"minecraft:damage_dealt":52920,"minecraft:player_kills":5,"minecraft:crouch_one_cm":102128,"minecraft:interact_with_smoker":1,"minecraft:horse_one_cm":42242,"minecraft:interact_with_smithing_table":8,"minecraft:mob_kills":205,"minecraft:damage_dealt_resisted":68,"minecraft:climb_one_cm":1381,"minecraft:walk_one_cm":1669912,"minecraft:chair_used":2,"minecraft:sneak_time":12614,"minecraft:walk_under_water_one_cm":2219,"minecraft:total_world_time":450252,"minecraft:interact_with_stonecutter":3,"minecraft:time_since_rest":12892,"minecraft:cabinet_searched":148,"minecraft:damage_absorbed":40,"minecraft:damage_taken":4872,"minecraft:trigger_trapped_chest":3,"minecraft:swim_one_cm":10078,"minecraft:fly_one_cm":2298831,"minecraft:open_chest":405,"minecraft:fall_one_cm":223257}},"DataVersion":3120}