{"stats":{"minecraft:killed":{"minecraft:cave_spider":1,"minecraft:spider":2,"born_in_chaos_v1:maggot":5,"minecraft:skeleton":8,"alexsmobs:blue_jay":1,"born_in_chaos_v1:barrel_zombie":1,"born_in_chaos_v1:baby_skeleton":1,"minecraft:creeper":1,"alexsmobs:cockroach":1,"minecraft:zombie":11,"alexsmobs:fly":1,"alexsmobs:crow":1},"minecraft:killed_by":{"born_in_chaos_v1:restless_spirit":1,"minecraft:creeper":1,"born_in_chaos_v1:bonescaller":1},"minecraft:used":{"minecraft:stone_sword":102,"minecraft:spruce_slab":7,"minecraft:spruce_planks":4,"minecraft:shield":6,"supplementaries:sconce":2,"minecraft:torch":38,"minecraft:dirt":5,"minecraft:carrot":7,"minecraft:granite":19,"quark:spruce_chest":2,"minecraft:rabbit_stew":1,"argentinas_delight:batata":2,"minecraft:written_book":7,"minecraft:furnace":5,"minecraft:oak_sapling":1,"epicfight:skillbook":2,"minecraft:glass_bottle":21,"minecraft:stone_pickaxe":186,"minecraft:baked_potato":4,"minecraft:wooden_pickaxe":22,"minecraft:spruce_sign":1,"minecraft:green_bed":1,"minecraft:crafting_table":3,"minecraft:red_bed":3,"some_assembly_required:sandwich":6,"argentinas_delight:membrillo":1,"minecraft:cake":1,"minecraft:apple":2,"minecraft:bread":13,"minecraft:iron_pickaxe":3,"minecraft:spruce_trapdoor":2,"moredelight:stone_knife":2,"minecraft:stone_axe":14,"minecraft:enchanted_book":4,"minecraft:cobblestone":27,"minecraft:potion":7,"minecraft:air":1},"minecraft:mined":{"biomesoplenty:orange_autumn_leaves":1,"argentinas_delight:batatamadura":1,"minecraft:cave_vines_plant":1,"minecraft:granite":22,"minecraft:grass_block":10,"supplementaries:sconce_wall":1,"minecraft:furnace":1,"treechop:chopped_log":2,"minecraft:potatoes":28,"minecraft:skeleton_wall_skull":1,"minecraft:deepslate_iron_ore":2,"minecraft:stone":166,"minecraft:spruce_slab":1,"supplementaries:book_pile_horizontal":1,"minecraft:red_bed":2,"argentinas_delight:brotemembrillo":1,"minecraft:torch":3,"vinery:red_grape_bush":8,"minecraft:creeper_wall_head":1,"minecraft:copper_ore":4,"minecraft:cobblestone":7,"extradelight:corn_bottom":1,"supplementaries:sconce":2,"minecraft:wall_torch":6,"supplementaries:urn":1,"some_assembly_required:sandwich":2,"minecraft:grass":21,"minecraft:coal_ore":1,"minecraft:dirt":5,"minecraft:zombie_wall_head":1,"minecraft:oak_leaves":3,"minecraft:deepslate":4},"minecraft:picked_up":{"vinery:red_grape":1,"minecraft:creeper_head":3,"minecraft:prismarine_shard":4,"biomesoplenty:orange_autumn_sapling":4,"vinery:red_grape_seeds":16,"minecraft:turtle_egg":1,"minecraft:enchanted_book":2,"minecraft:potion":2,"minecraft:string":3,"minecraft:raw_copper":19,"minecraft:red_bed":3,"memory_of_the_past:better_drop_of_knowledge":6,"minecraft:zombie_head":1,"butchersdelight:dead_cow":1,"minecraft:cobbled_deepslate":3,"extradelight:corn_seeds":1,"minecraft:written_book":2,"minecraft:iron_nugget":2,"minecraft:spruce_slab":1,"minecraft:furnace":1,"minecraft:stick":4,"minecraft:raw_iron":10,"argentinas_delight:batata":2,"minecraft:torch":10,"epicfight:skillbook":2,"minecraft:carrot":4,"minecraft:tube_coral":1,"minecraft:stone_sword":1,"minecraft:arrow":4,"minecraft:rotten_flesh":4,"supplementaries:sconce":2,"supplementaries:ash":8,"minecraft:mutton":1,"minecraft:skeleton_skull":1,"minecraft:cobblestone":182,"born_in_chaos_v1:corpse_maggot":1,"memory_of_the_past:lesser_drop_of_knowledge":30,"minecraft:feather":1,"minecraft:potato":55,"butchersdelight:deadpig":4,"minecraft:gunpowder":2,"minecraft:dirt":15,"minecraft:lantern":1,"minecraft:bone":11,"minecraft:apple":3,"minecraft:wheat_seeds":5,"argentinas_delight:membrillo":1,"minecraft:rabbit_hide":4,"minecraft:iron_ingot":1,"minecraft:stone_pickaxe":1,"minecraft:spider_eye":1,"minecraft:dark_oak_log":13,"minecraft:sugar":6,"butchersdelight:sheephide":1,"some_assembly_required:sandwich":3,"minecraft:diamond":1,"minecraft:granite":19,"minecraft:spruce_sign":1,"minecraft:emerald":7,"minecraft:bread":1,"alexsmobs:maggot":2,"minecraft:oak_sapling":1,"minecraft:coal":1},"minecraft:crafted":{"moredelight:stone_knife":1,"minecraft:furnace":4,"minecraft:spruce_slab":6,"minecraft:stone_pickaxe":6,"quark:spruce_chest":2,"minecraft:dark_oak_planks":12,"minecraft:crafting_table":3,"minecraft:spruce_planks":84,"minecraft:wooden_pickaxe":1,"minecraft:stone_axe":1,"minecraft:air":0,"minecraft:spruce_trapdoor":2,"minecraft:potion":37,"minecraft:charcoal":8,"minecraft:shield":2,"minecraft:stick":28,"minecraft:iron_ingot":2,"minecraft:stone_sword":2,"minecraft:torch":28},"minecraft:dropped":{"minecraft:enchanted_book":1,"minecraft:golden_boots":1,"minecraft:bread":42,"minecraft:wheat_seeds":2,"memory_of_the_past:better_drop_of_knowledge":1,"minecraft:baked_potato":2,"minecraft:prismarine_shard":4,"minecraft:feather":1,"minecraft:apple":1,"memory_of_the_past:lesser_drop_of_knowledge":7,"minecraft:zombie_head":1,"minecraft:potion":10,"minecraft:pumpkin_pie":1,"minecraft:sugar":6,"extradelight:corn_seeds":1,"minecraft:bone":1,"minecraft:creeper_head":2,"alexsmobs:maggot":2,"minecraft:iron_nugget":1,"minecraft:stone_sword":3,"minecraft:carrot":5,"minecraft:leather_chestplate":1,"supplementaries:ash":8,"minecraft:shield":1,"minecraft:skeleton_skull":1,"born_in_chaos_v1:corpse_maggot":1,"artifacts:cross_necklace":1,"minecraft:rabbit_stew":1,"minecraft:arrow":11,"minecraft:stone_pickaxe":5},"minecraft:custom":{"minecraft:mob_kills":33,"minecraft:interact_with_crafting_table":25,"minecraft:open_barrel":19,"minecraft:damage_dealt_resisted":48,"minecraft:eat_cake_slice":5,"minecraft:leave_game":3,"minecraft:time_since_death":33170,"minecraft:climb_one_cm":138,"minecraft:sprint_one_cm":214077,"minecraft:walk_one_cm":307881,"minecraft:damage_blocked_by_shield":230,"minecraft:drop":54,"minecraft:play_time":216306,"minecraft:deaths":4,"minecraft:sneak_time":3212,"minecraft:jump":1107,"minecraft:interact_with_brewingstand":1,"minecraft:total_world_time":216306,"minecraft:interact_with_furnace":27,"minecraft:sleep_in_bed":4,"minecraft:time_since_rest":33190,"minecraft:damage_taken":2083,"minecraft:damage_dealt":7730,"minecraft:player_kills":1,"minecraft:fly_one_cm":314507,"minecraft:open_chest":52,"minecraft:crouch_one_cm":13519,"minecraft:fall_one_cm":34046}},"DataVersion":3120}