{"stats":{"minecraft:killed_by":{"born_in_chaos_v1:bonescaller":1,"born_in_chaos_v1:restless_spirit":1},"minecraft:picked_up":{"memory_of_the_past:lesser_drop_of_knowledge":4,"minecraft:feather":1,"epicfight:skillbook":1,"minecraft:enchanted_book":2,"butchersdelight:deadpig":2,"memory_of_the_past:better_drop_of_knowledge":1,"minecraft:bone":1,"supplementaries:sconce":1,"minecraft:written_book":2,"minecraft:spruce_sign":1,"alexsmobs:maggot":2},"minecraft:custom":{"minecraft:time_since_rest":52541,"minecraft:sprint_one_cm":39227,"minecraft:damage_taken":553,"minecraft:walk_one_cm":46855,"minecraft:mob_kills":5,"minecraft:drop":3,"minecraft:damage_dealt":852,"minecraft:fly_one_cm":62131,"minecraft:open_barrel":14,"minecraft:open_chest":3,"minecraft:crouch_one_cm":3262,"minecraft:play_time":134852,"minecraft:deaths":2,"minecraft:sneak_time":1066,"minecraft:damage_dealt_resisted":48,"minecraft:jump":145,"minecraft:eat_cake_slice":4,"minecraft:time_since_death":52521,"minecraft:leave_game":2,"minecraft:climb_one_cm":90,"minecraft:total_world_time":134852,"minecraft:fall_one_cm":4696},"minecraft:dropped":{"minecraft:enchanted_book":1,"minecraft:golden_boots":1,"minecraft:leather_chestplate":1},"minecraft:killed":{"minecraft:zombie":1,"born_in_chaos_v1:baby_skeleton":1,"minecraft:spider":1,"alexsmobs:fly":1,"alexsmobs:crow":1},"minecraft:mined":{"supplementaries:urn":1,"supplementaries:book_pile_horizontal":1,"minecraft:cave_vines_plant":1,"supplementaries:sconce_wall":1},"minecraft:used":{"epicfight:skillbook":1,"minecraft:enchanted_book":4,"minecraft:written_book":7,"some_assembly_required:sandwich":1,"minecraft:cake":1}},"DataVersion":3120}