{"stats":{"minecraft:killed_by":{"born_in_chaos_v1:bonescaller":1,"born_in_chaos_v1:restless_spirit":1},"minecraft:picked_up":{"memory_of_the_past:lesser_drop_of_knowledge":3,"minecraft:feather":1,"butchersdelight:deadpig":2,"alexsmobs:maggot":2},"minecraft:custom":{"minecraft:time_since_rest":4727,"minecraft:open_chest":1,"minecraft:crouch_one_cm":719,"minecraft:sprint_one_cm":15791,"minecraft:play_time":87038,"minecraft:deaths":2,"minecraft:damage_taken":468,"minecraft:walk_one_cm":9619,"minecraft:sneak_time":104,"minecraft:mob_kills":3,"minecraft:damage_dealt_resisted":48,"minecraft:jump":72,"minecraft:damage_dealt":472,"minecraft:leave_game":1,"minecraft:time_since_death":4707,"minecraft:climb_one_cm":90,"minecraft:total_world_time":87038,"minecraft:fall_one_cm":2768,"minecraft:fly_one_cm":31980},"minecraft:killed":{"alexsmobs:fly":1,"alexsmobs:crow":1,"minecraft:zombie":1},"minecraft:used":{"some_assembly_required:sandwich":1}},"DataVersion":3120}