{"stats":{"minecraft:killed":{"minecraft:cave_spider":1,"minecraft:witch":1,"minecraft:spider":6,"born_in_chaos_v1:maggot":11,"minecraft:skeleton":9,"alexsmobs:blue_jay":1,"alexsmobs:centipede_head":1,"born_in_chaos_v1:barrel_zombie":1,"born_in_chaos_v1:baby_skeleton":1,"minecraft:creeper":4,"alexsmobs:cockroach":48,"minecraft:zombie":20,"alexsmobs:fly":1,"alexsmobs:crow":1},"minecraft:killed_by":{"born_in_chaos_v1:restless_spirit":1,"minecraft:creeper":1,"born_in_chaos_v1:bonescaller":1},"minecraft:used":{"minecraft:stone_sword":131,"minecraft:spruce_slab":7,"minecraft:spruce_planks":4,"minecraft:shield":8,"supplementaries:sconce":2,"minecraft:torch":43,"minecraft:dirt":5,"minecraft:carrot":7,"minecraft:granite":19,"quark:spruce_chest":2,"minecraft:lantern":3,"minecraft:iron_axe":74,"minecraft:rabbit_stew":1,"argentinas_delight:batata":2,"minecraft:written_book":7,"minecraft:furnace":5,"minecraft:oak_sapling":1,"epicfight:skillbook":3,"minecraft:glass_bottle":21,"minecraft:stone_pickaxe":186,"minecraft:baked_potato":4,"minecraft:wooden_pickaxe":22,"minecraft:spruce_sign":1,"minecraft:diamond_axe":33,"minecraft:green_bed":1,"minecraft:crafting_table":3,"minecraft:red_bed":3,"some_assembly_required:sandwich":6,"argentinas_delight:membrillo":1,"minecraft:cake":1,"minecraft:apple":2,"minecraft:bread":21,"minecraft:iron_pickaxe":64,"minecraft:spruce_trapdoor":2,"moredelight:stone_knife":2,"minecraft:stone_axe":14,"minecraft:enchanted_book":4,"minecraft:cobblestone":33,"minecraft:potion":10,"minecraft:air":1},"minecraft:mined":{"biomesoplenty:orange_autumn_leaves":1,"argentinas_delight:batatamadura":1,"minecraft:cave_vines_plant":1,"minecraft:granite":22,"minecraft:grass_block":10,"supplementaries:sconce_wall":1,"minecraft:furnace":1,"minecraft:iron_ore":4,"treechop:chopped_log":2,"minecraft:potatoes":28,"minecraft:skeleton_wall_skull":1,"minecraft:deepslate_iron_ore":34,"minecraft:lantern":2,"minecraft:stone":166,"supplementaries:wall_lantern":2,"minecraft:spruce_slab":1,"quark:red_corundum_cluster":2,"supplementaries:book_pile_horizontal":1,"minecraft:red_bed":2,"argentinas_delight:brotemembrillo":1,"minecraft:torch":5,"vinery:red_grape_bush":8,"minecraft:creeper_wall_head":1,"minecraft:copper_ore":4,"minecraft:cobblestone":19,"extradelight:corn_bottom":1,"supplementaries:sconce":2,"minecraft:wall_torch":8,"supplementaries:urn":2,"some_assembly_required:sandwich":2,"minecraft:grass":21,"minecraft:coal_ore":1,"minecraft:dirt":5,"minecraft:zombie_wall_head":1,"minecraft:oak_leaves":3,"minecraft:deepslate":9},"minecraft:picked_up":{"vinery:red_grape":1,"minecraft:creeper_head":3,"minecraft:prismarine_shard":4,"biomesoplenty:orange_autumn_sapling":4,"vinery:red_grape_seeds":16,"minecraft:turtle_egg":1,"minecraft:enchanted_book":2,"minecraft:potion":2,"minecraft:string":7,"minecraft:raw_copper":19,"minecraft:red_bed":3,"memory_of_the_past:better_drop_of_knowledge":15,"minecraft:zombie_head":1,"butchersdelight:dead_cow":1,"minecraft:cobbled_deepslate":8,"extradelight:corn_seeds":1,"minecraft:written_book":2,"minecraft:iron_nugget":2,"minecraft:spruce_slab":1,"minecraft:furnace":1,"minecraft:stick":4,"minecraft:raw_iron":55,"alexsmobs:cockroach_ootheca":1,"argentinas_delight:batata":2,"minecraft:torch":14,"epicfight:skillbook":3,"minecraft:carrot":4,"alexsmobs:centipede_leg":1,"minecraft:tnt":3,"minecraft:tube_coral":1,"minecraft:stone_sword":1,"minecraft:arrow":6,"minecraft:rotten_flesh":17,"supplementaries:sconce":2,"supplementaries:ash":14,"minecraft:mutton":1,"minecraft:skeleton_skull":1,"minecraft:cobblestone":195,"born_in_chaos_v1:corpse_maggot":6,"memory_of_the_past:lesser_drop_of_knowledge":94,"minecraft:leather_chestplate":2,"minecraft:feather":1,"minecraft:potato":55,"butchersdelight:deadpig":4,"minecraft:gunpowder":5,"minecraft:dirt":15,"minecraft:lantern":4,"minecraft:bone":13,"minecraft:apple":3,"alexsmobs:cockroach_wing_fragment":28,"minecraft:wheat_seeds":5,"argentinas_delight:membrillo":1,"minecraft:rabbit_hide":4,"minecraft:music_disc_far":1,"minecraft:iron_ingot":9,"minecraft:stone_pickaxe":1,"minecraft:cobweb":15,"quark:red_corundum_cluster":2,"minecraft:spider_eye":3,"minecraft:dark_oak_log":13,"minecraft:sugar":6,"butchersdelight:sheephide":1,"some_assembly_required:sandwich":3,"minecraft:diamond":1,"minecraft:granite":19,"minecraft:spruce_sign":1,"minecraft:emerald":7,"minecraft:bread":1,"alexsmobs:maggot":2,"minecraft:oak_sapling":1,"minecraft:coal":22},"minecraft:broken":{"minecraft:stone_sword":1},"minecraft:crafted":{"moredelight:stone_knife":1,"minecraft:furnace":4,"minecraft:spruce_slab":6,"minecraft:stone_pickaxe":6,"quark:spruce_chest":2,"minecraft:dark_oak_planks":12,"minecraft:crafting_table":3,"minecraft:spruce_planks":88,"minecraft:wooden_pickaxe":1,"minecraft:stone_axe":1,"minecraft:air":0,"minecraft:spruce_trapdoor":2,"minecraft:potion":37,"minecraft:iron_chestplate":1,"minecraft:charcoal":8,"minecraft:shield":2,"minecraft:stick":28,"minecraft:iron_ingot":13,"minecraft:stone_sword":2,"minecraft:torch":52},"minecraft:dropped":{"minecraft:iron_ingot":7,"minecraft:enchanted_book":1,"minecraft:golden_boots":1,"minecraft:bread":42,"minecraft:wheat_seeds":2,"memory_of_the_past:better_drop_of_knowledge":1,"minecraft:baked_potato":2,"minecraft:prismarine_shard":4,"minecraft:feather":1,"minecraft:apple":1,"memory_of_the_past:lesser_drop_of_knowledge":11,"minecraft:zombie_head":1,"minecraft:potion":12,"minecraft:pumpkin_pie":1,"minecraft:sugar":6,"extradelight:corn_seeds":1,"minecraft:bone":1,"alexsmobs:centipede_leg":1,"minecraft:creeper_head":2,"alexsmobs:maggot":2,"minecraft:iron_nugget":1,"minecraft:stone_sword":3,"minecraft:carrot":5,"minecraft:leather_chestplate":3,"supplementaries:ash":14,"minecraft:shield":1,"minecraft:skeleton_skull":1,"born_in_chaos_v1:corpse_maggot":4,"artifacts:cross_necklace":1,"minecraft:rabbit_stew":1,"minecraft:arrow":11,"minecraft:stone_pickaxe":5},"minecraft:custom":{"minecraft:mob_kills":105,"minecraft:interact_with_crafting_table":28,"minecraft:open_barrel":19,"minecraft:damage_dealt_resisted":48,"minecraft:eat_cake_slice":5,"minecraft:leave_game":3,"minecraft:time_since_death":87170,"minecraft:climb_one_cm":138,"minecraft:sprint_one_cm":305594,"minecraft:walk_one_cm":420221,"minecraft:damage_blocked_by_shield":310,"minecraft:drop":66,"minecraft:play_time":270306,"minecraft:deaths":4,"minecraft:sneak_time":4059,"minecraft:jump":1956,"minecraft:interact_with_brewingstand":1,"minecraft:total_world_time":270306,"minecraft:interact_with_furnace":48,"minecraft:sleep_in_bed":4,"minecraft:time_since_rest":87190,"minecraft:damage_taken":2608,"minecraft:damage_dealt":20880,"minecraft:player_kills":2,"minecraft:fly_one_cm":548355,"minecraft:open_chest":71,"minecraft:crouch_one_cm":20759,"minecraft:fall_one_cm":66329}},"DataVersion":3120}