{"stats":{"minecraft:killed_by":{"born_in_chaos_v1:restless_spirit":1},"minecraft:custom":{"minecraft:jump":16,"minecraft:open_chest":1,"minecraft:time_since_rest":59722,"minecraft:sprint_one_cm":2292,"minecraft:deaths":1,"minecraft:play_time":61510,"minecraft:damage_taken":248,"minecraft:time_since_death":11809,"minecraft:walk_one_cm":2306,"minecraft:sneak_time":19,"minecraft:climb_one_cm":90,"minecraft:total_world_time":61510,"minecraft:fall_one_cm":1247,"minecraft:fly_one_cm":6211},"minecraft:used":{"some_assembly_required:sandwich":1}},"DataVersion":3120}