{"stats":{"minecraft:killed":{"aquaculture:smallmouth_bass":1,"minecraft:skeleton":1,"aquaculture:carp":1,"minecraft:sheep":1,"minecraft:zombie":3,"alexsmobs:cockroach":12},"minecraft:killed_by":{"minecraft:player":4,"minecraft:creeper":1,"minecraft:skeleton":1,"minecraft:zombie":2},"minecraft:used":{"minecraft:stone_sword":99,"kawaiidishes:expresso_coffee":1,"minecraft:shield":1,"butchersdelight:hook":6,"minecraft:creeper_head":1,"minecraft:stone_hoe":22,"extradelight:riceball":1,"minecraft:dirt":5,"minecraft:carrot":7,"minecraft:granite":1,"extradelight:chocolate_custard":1,"biomesoplenty:maple_sapling":1,"quark:spruce_chest":1,"minecraft:lantern":6,"minecraft:iron_axe":106,"minecraft:rabbit_stew":1,"extradelight:corn_seeds":3,"minecraft:potato":54,"kawaiidishes:mug":2,"minecraft:wheat_seeds":7,"extradelight:pumpkin_custard":2,"minecraft:water_bucket":15,"minecraft:glass_bottle":21,"minecraft:stone_pickaxe":177,"minecraft:wooden_pickaxe":27,"minecraft:birch_boat":1,"minecraft:red_bed":3,"cooking_with_mindthemoods:rice":14,"some_assembly_required:sandwich":20,"argentinas_delight:membrillo":10,"biomesoplenty:orange_autumn_sapling":1,"minecraft:diamond_pickaxe":1,"minecraft:apple":2,"minecraft:dark_oak_log":1,"minecraft:bread":1,"moredelight:stone_knife":18,"farmersdelight:ham":1,"minecraft:stone_axe":382,"minecraft:cobblestone":12,"minecraft:potion":14,"minecraft:porkchop":5,"minecraft:bucket":15,"minecraft:birch_log":27,"alexsmobs:animal_dictionary":5,"delightful:acorn":1},"minecraft:mined":{"biomesoplenty:orange_autumn_leaves":4,"minecraft:tuff":6,"minecraft:farmland":1,"minecraft:candle":1,"minecraft:dark_oak_log":1,"argentinas_delight:ramabajamembrillo":2,"minecraft:dark_oak_fence":1,"butchersdelight:deadsheepblock":2,"minecraft:granite":13,"minecraft:grass_block":14,"minecraft:moss_block":1,"minecraft:oxeye_daisy":1,"argentinas_delight:ramaltamembrillo":2,"minecraft:andesite":2,"minecraft:stripped_spruce_log":1,"treechop:chopped_log":72,"argentinas_delight:basedearbolmate":1,"minecraft:lantern":5,"kawaiidishes:mug":1,"minecraft:stone":94,"butchersdelight:hookedpig":1,"minecraft:green_bed":1,"argentinas_delight:brotemembrillo":1,"born_in_chaos_v1:marigolds":1,"minecraft:red_bed":5,"minecraft:dandelion":2,"minecraft:cornflower":1,"minecraft:torch":1,"delightful:pumpkin_pie":2,"minecraft:poppy":2,"minecraft:copper_ore":6,"minecraft:cobblestone":10,"biomesoplenty:sprout":1,"extradelight:corn_bottom":1,"minecraft:sugar_cane":8,"supplementaries:urn":2,"minecraft:birch_log":10,"minecraft:wheat":5,"argentinas_delight:hojasmembrillocubo":8,"minecraft:creeper_head":1,"minecraft:lilac":1,"some_assembly_required:sandwich":3,"minecraft:grass":66,"butchersdelight:hook":3,"minecraft:coal_ore":25,"cooking_with_mindthemoods:youngish_rice_plant":1,"minecraft:sand":5,"minecraft:dirt":19,"minecraft:oak_leaves":4,"minecraft:deepslate":9,"minecraft:fern":2},"minecraft:picked_up":{"minecraft:crafting_table":1,"minecraft:creeper_head":2,"minecraft:rabbit_stew":1,"biomesoplenty:orange_autumn_sapling":188,"minecraft:potion":12,"minecraft:enchanted_book":1,"minecraft:shield":1,"minecraft:red_bed":4,"minecraft:string":2,"minecraft:raw_copper":20,"minecraft:iron_axe":3,"biomesoplenty:yellow_autumn_sapling":54,"memory_of_the_past:better_drop_of_knowledge":5,"minecraft:iron_leggings":1,"minecraft:zombie_head":1,"kawaiidishes:expresso_coffee":1,"butchersdelight:dead_cow":1,"minecraft:candle":3,"minecraft:cobbled_deepslate":9,"extradelight:corn_seeds":6,"minecraft:bucket":1,"minecraft:spruce_planks":24,"delightful:acorn":17,"minecraft:iron_nugget":2,"minecraft:poppy":1,"minecraft:sugar_cane":14,"minecraft:iron_boots":2,"minecraft:stick":174,"alexsmobs:cockroach_ootheca":2,"minecraft:torch":1,"minecraft:green_bed":1,"minecraft:porkchop":19,"minecraft:carrot":1,"alexsmobs:centipede_leg":1,"minecraft:dark_oak_planks":156,"minecraft:stone_sword":2,"minecraft:arrow":24,"butchersdelight:deadsheep":3,"minecraft:rotten_flesh":2,"minecraft:pumpkin_pie":1,"artifacts:cross_necklace":1,"aquaculture:carp":1,"supplementaries:ash":14,"moredelight:stone_knife":1,"minecraft:mutton":8,"minecraft:skeleton_skull":1,"minecraft:white_wool":1,"minecraft:cobblestone":95,"minecraft:birch_log":167,"born_in_chaos_v1:corpse_maggot":5,"memory_of_the_past:lesser_drop_of_knowledge":35,"minecraft:leather_chestplate":3,"minecraft:lilac":1,"minecraft:andesite":4,"quark:dark_oak_vertical_slab":1,"pfm:oak_log_stool":1,"butchersdelight:deadpig":1,"argentinas_delight:maderadeobra":16,"minecraft:tuff":7,"create:raw_zinc":1,"minecraft:oak_log":217,"create:andesite_alloy":1,"minecraft:golden_boots":1,"minecraft:dirt":42,"minecraft:lantern":7,"butchersdelight:deadchiken":1,"born_in_chaos_v1:marigolds":1,"minecraft:bone":8,"minecraft:apple":27,"minecraft:wheat_seeds":19,"argentinas_delight:membrillo":5,"alexsmobs:cockroach_wing_fragment":7,"minecraft:iron_ingot":7,"minecraft:stone_pickaxe":4,"cooking_with_mindthemoods:rice":2,"kawaiidishes:coffee_fruit":2,"minecraft:glass_bottle":4,"kawaiidishes:mug":4,"kawaiidishes:roasted_coffee_beans":1,"minecraft:oak_slab":3,"aquaculture:smallmouth_bass":1,"minecraft:dandelion":1,"minecraft:sand":7,"minecraft:stripped_spruce_log":1,"minecraft:spruce_log":3,"farmersdelight:ham":6,"minecraft:dark_oak_log":229,"butchersdelight:sheephide":2,"biomesoplenty:maple_sapling":38,"some_assembly_required:sandwich":5,"minecraft:stone_axe":6,"minecraft:iron_helmet":1,"minecraft:granite":46,"minecraft:diamond_axe":1,"minecraft:emerald":7,"minecraft:bread":41,"butchersdelight:hook":10,"minecraft:baked_potato":2,"minecraft:oak_sapling":63,"minecraft:jack_o_lantern":1,"born_in_chaos_v1:rotten_fish":1,"minecraft:dark_oak_fence":1,"minecraft:stripped_dark_oak_log":1,"minecraft:coal":45,"minecraft:diamond_pickaxe":1},"minecraft:broken":{"minecraft:stone_pickaxe":2,"minecraft:iron_axe":1,"minecraft:stone_axe":3},"minecraft:crafted":{"minecraft:oak_planks":364,"minecraft:birch_boat":1,"minecraft:birch_fence_gate":1,"quark:spruce_chest":1,"minecraft:dark_oak_planks":156,"minecraft:stone_hoe":1,"kawaiidishes:dried_coffee_beans":1,"minecraft:crafting_table":1,"minecraft:spruce_planks":40,"minecraft:wooden_pickaxe":1,"minecraft:birch_planks":48,"minecraft:orange_dye":1,"minecraft:potion":4,"minecraft:iron_chestplate":1,"minecraft:stick":4,"minecraft:iron_leggings":1},"minecraft:dropped":{"minecraft:iron_ingot":1,"minecraft:porkchop":2,"minecraft:wheat_seeds":5,"minecraft:oak_log":72,"minecraft:glass_bottle":4,"biomesoplenty:maple_sapling":28,"minecraft:apple":18,"minecraft:granite":30,"minecraft:coal":20,"minecraft:stick":2,"minecraft:emerald":14,"minecraft:dirt":4,"kawaiidishes:coffee_fruit":2,"minecraft:dark_oak_log":1,"cooking_with_mindthemoods:rice":1,"delightful:acorn":3,"minecraft:sand":7,"minecraft:iron_axe":2,"pfm:oak_log_stool":1,"minecraft:dark_oak_planks":156,"minecraft:birch_log":53,"minecraft:creeper_head":1,"minecraft:iron_nugget":2,"minecraft:cobbled_deepslate":6,"biomesoplenty:yellow_autumn_sapling":34,"kawaiidishes:roasted_coffee_beans":1,"minecraft:oak_planks":364,"biomesoplenty:orange_autumn_sapling":152,"argentinas_delight:maderadeobra":16,"minecraft:leather_chestplate":2,"kawaiidishes:mug":2,"minecraft:potato":90,"minecraft:andesite":2,"born_in_chaos_v1:corpse_maggot":3,"minecraft:oak_sapling":23,"minecraft:spruce_log":2,"butchersdelight:hook":1,"minecraft:arrow":11,"farmersdelight:ham":2,"create:andesite_alloy":1},"minecraft:custom":{"minecraft:mob_kills":20,"minecraft:animals_bred":2,"minecraft:interact_with_crafting_table":19,"minecraft:eat_cake_slice":3,"minecraft:leave_game":6,"minecraft:time_since_death":28865,"minecraft:climb_one_cm":906,"minecraft:sprint_one_cm":184403,"minecraft:walk_one_cm":1704124,"minecraft:damage_blocked_by_shield":189,"minecraft:drop":286,"minecraft:chair_used":4,"minecraft:damage_dealt_absorbed":8,"minecraft:play_time":234647,"minecraft:deaths":9,"minecraft:sneak_time":903,"minecraft:walk_under_water_one_cm":21267,"minecraft:boat_one_cm":11399,"minecraft:jump":3581,"minecraft:walk_on_water_one_cm":40149,"minecraft:total_world_time":234647,"minecraft:interact_with_furnace":10,"minecraft:interact_with_loom":1,"minecraft:sleep_in_bed":11,"minecraft:time_since_rest":10198,"minecraft:cabinet_searched":41,"minecraft:damage_absorbed":40,"minecraft:damage_taken":5580,"minecraft:damage_dealt":4653,"minecraft:swim_one_cm":2619,"minecraft:fly_one_cm":139699,"minecraft:open_chest":73,"minecraft:crouch_one_cm":662,"minecraft:fall_one_cm":76785}},"DataVersion":3120}