{"stats":{"minecraft:killed":{"aquaculture:smallmouth_bass":1,"minecraft:skeleton":1,"aquaculture:carp":1,"minecraft:sheep":2,"minecraft:zombie":3,"alexsmobs:cockroach":12},"minecraft:killed_by":{"minecraft:player":5,"minecraft:creeper":1,"minecraft:skeleton":2,"minecraft:zombie":2},"minecraft:used":{"argentinas_delight:chinchulinesitem":2,"minecraft:stone_sword":99,"minecraft:flint_and_steel":14,"minecraft:poppy":2,"extradelight:riceball_filled":1,"kawaiidishes:expresso_coffee":1,"minecraft:shield":1,"butchersdelight:hook":6,"minecraft:creeper_head":1,"minecraft:stone_hoe":22,"minecraft:stick":5,"minecraft:torch":4,"extradelight:riceball":1,"minecraft:dirt":5,"minecraft:carrot":7,"minecraft:granite":1,"extradelight:chocolate_custard":1,"biomesoplenty:maple_sapling":1,"argentinas_delight:sanguchedemilanesa":2,"quark:spruce_chest":1,"minecraft:lantern":6,"minecraft:iron_axe":106,"minecraft:rabbit_stew":1,"extradelight:corn_seeds":3,"minecraft:cooked_beef":3,"minecraft:potato":54,"kawaiidishes:mug":2,"extradelight:pumpkin_custard":2,"minecraft:wheat_seeds":7,"minecraft:water_bucket":15,"minecraft:glass_bottle":21,"minecraft:stone_pickaxe":177,"minecraft:wooden_pickaxe":27,"minecraft:birch_boat":1,"minecraft:diamond_axe":130,"butchersdelight:skullcow":9,"minecraft:white_wool":1,"minecraft:red_bed":5,"cooking_with_mindthemoods:rice":14,"some_assembly_required:sandwich":21,"argentinas_delight:membrillo":10,"biomesoplenty:orange_autumn_sapling":1,"minecraft:shears":2,"minecraft:diamond_pickaxe":11,"minecraft:apple":9,"minecraft:dark_oak_log":1,"minecraft:bread":1,"moredelight:stone_knife":18,"farmersdelight:ham":1,"minecraft:stone_axe":382,"minecraft:potion":14,"minecraft:cobblestone":12,"minecraft:porkchop":5,"minecraft:cooked_porkchop":1,"minecraft:bucket":15,"minecraft:birch_log":27,"delightful:acorn":1,"alexsmobs:animal_dictionary":5,"minecraft:candle":14},"minecraft:mined":{"biomesoplenty:orange_autumn_leaves":6,"minecraft:tuff":7,"minecraft:farmland":1,"minecraft:candle":5,"minecraft:dark_oak_log":2,"argentinas_delight:ramabajamembrillo":4,"minecraft:dark_oak_fence":1,"butchersdelight:deadsheepblock":4,"minecraft:granite":13,"minecraft:grass_block":15,"butchersdelight:deadpigblock":2,"minecraft:moss_block":1,"minecraft:oxeye_daisy":1,"argentinas_delight:ramaltamembrillo":4,"minecraft:carrots":1,"minecraft:andesite":2,"minecraft:stripped_spruce_log":1,"treechop:chopped_log":96,"supplementaries:stick":1,"argentinas_delight:basedearbolmate":1,"minecraft:lantern":6,"kawaiidishes:mug":1,"butchersdelight:skullcow":2,"minecraft:stone":94,"minecraft:white_wool":1,"butchersdelight:hookedpig":1,"minecraft:green_bed":1,"argentinas_delight:brotemembrillo":1,"born_in_chaos_v1:marigolds":1,"minecraft:red_bed":7,"minecraft:dandelion":2,"minecraft:clay":1,"minecraft:cornflower":1,"minecraft:torch":5,"delightful:pumpkin_pie":2,"minecraft:poppy":3,"minecraft:copper_ore":6,"minecraft:cobblestone":10,"biomesoplenty:sprout":1,"extradelight:corn_bottom":1,"minecraft:sugar_cane":8,"supplementaries:urn":2,"butchersdelight:deadcowblock":1,"minecraft:birch_log":10,"minecraft:wheat":6,"argentinas_delight:hojasmembrillocubo":8,"minecraft:creeper_head":1,"minecraft:lilac":1,"some_assembly_required:sandwich":6,"minecraft:grass":71,"butchersdelight:hook":3,"minecraft:coal_ore":25,"minecraft:gravel":1,"cooking_with_mindthemoods:youngish_rice_plant":1,"minecraft:sand":5,"minecraft:dirt":20,"minecraft:oak_leaves":4,"minecraft:deepslate":9,"minecraft:fern":2},"minecraft:picked_up":{"minecraft:crafting_table":1,"kawaiidishes:magenta_maid_dress":1,"minecraft:creeper_head":2,"minecraft:rabbit_stew":1,"biomesoplenty:orange_autumn_sapling":217,"minecraft:potion":12,"minecraft:enchanted_book":1,"minecraft:shield":1,"minecraft:red_bed":6,"minecraft:string":2,"minecraft:raw_copper":20,"minecraft:iron_axe":3,"minecraft:flint_and_steel":1,"biomesoplenty:yellow_autumn_sapling":63,"memory_of_the_past:better_drop_of_knowledge":5,"minecraft:iron_leggings":1,"butchersdelight:cleaver":1,"minecraft:zombie_head":1,"kawaiidishes:expresso_coffee":1,"butchersdelight:dead_cow":23,"some_assembly_required:burger_bun_bottom":2,"farmersdelight:beef_patty":94,"minecraft:candle":14,"minecraft:cobbled_deepslate":9,"extradelight:corn_seeds":6,"minecraft:bucket":1,"minecraft:spruce_planks":24,"delightful:acorn":17,"minecraft:beef":104,"minecraft:light_gray_wool":4,"minecraft:iron_nugget":2,"minecraft:poppy":2,"minecraft:sugar_cane":14,"minecraft:iron_boots":2,"minecraft:stick":200,"alexsmobs:cockroach_ootheca":3,"farmersdelight:minced_beef":139,"minecraft:torch":5,"minecraft:green_bed":1,"minecraft:porkchop":19,"minecraft:carrot":3,"alexsmobs:centipede_leg":1,"minecraft:dark_oak_planks":156,"aquaculture:fish_fillet_cooked":2,"minecraft:stone_sword":2,"minecraft:arrow":24,"butchersdelight:deadsheep":6,"minecraft:rotten_flesh":2,"minecraft:pumpkin_pie":1,"artifacts:cross_necklace":1,"aquaculture:carp":1,"supplementaries:ash":14,"moredelight:stone_knife":1,"minecraft:mutton":12,"minecraft:skeleton_skull":1,"minecraft:white_wool":12,"minecraft:cobblestone":95,"minecraft:birch_log":184,"born_in_chaos_v1:corpse_maggot":5,"memory_of_the_past:lesser_drop_of_knowledge":36,"minecraft:leather_chestplate":3,"minecraft:cooked_beef":51,"minecraft:lilac":1,"minecraft:andesite":4,"quark:dark_oak_vertical_slab":1,"pfm:oak_log_stool":1,"butchersdelight:deadpig":3,"argentinas_delight:maderadeobra":24,"minecraft:tuff":8,"create:raw_zinc":1,"minecraft:oak_log":249,"create:andesite_alloy":1,"minecraft:golden_boots":1,"argentinas_delight:sanguchedemilanesa":2,"minecraft:dirt":43,"minecraft:lantern":8,"butchersdelight:deadchiken":1,"born_in_chaos_v1:marigolds":1,"minecraft:bone":37,"minecraft:apple":33,"minecraft:wheat_seeds":21,"argentinas_delight:membrillo":7,"alexsmobs:cockroach_wing_fragment":7,"minecraft:iron_ingot":7,"minecraft:stone_pickaxe":4,"minecraft:cooked_chicken":1,"cooking_with_mindthemoods:rice":2,"kawaiidishes:coffee_fruit":2,"minecraft:glass_bottle":4,"kawaiidishes:mug":4,"some_assembly_required:burger_bun":3,"kawaiidishes:roasted_coffee_beans":1,"minecraft:oak_slab":4,"aquaculture:smallmouth_bass":1,"minecraft:cooked_porkchop":4,"butchersdelight:cow_hide":6,"minecraft:dandelion":1,"butchersdelight:skullcow":36,"minecraft:sand":7,"aquaculture:iron_fillet_knife":2,"minecraft:stripped_spruce_log":1,"minecraft:spruce_log":3,"some_assembly_required:burger_bun_top":6,"cuisinedelight:meat_fried_rice":2,"farmersdelight:ham":6,"minecraft:dark_oak_log":297,"butchersdelight:sheephide":4,"biomesoplenty:maple_sapling":49,"some_assembly_required:sandwich":9,"minecraft:stone_axe":6,"minecraft:iron_helmet":1,"minecraft:granite":46,"minecraft:diamond_axe":1,"minecraft:grass":1,"minecraft:emerald":7,"minecraft:bread":41,"butchersdelight:hook":10,"minecraft:baked_potato":2,"minecraft:oak_sapling":63,"minecraft:jack_o_lantern":1,"born_in_chaos_v1:rotten_fish":1,"minecraft:dark_oak_fence":1,"minecraft:stripped_dark_oak_log":1,"minecraft:coal":45,"minecraft:diamond_pickaxe":1},"minecraft:broken":{"minecraft:stone_pickaxe":2,"butchersdelight:cleaver":1,"minecraft:iron_axe":1,"minecraft:stone_axe":3,"moredelight:stone_knife":1},"minecraft:crafted":{"minecraft:oak_planks":364,"minecraft:birch_boat":1,"minecraft:birch_fence_gate":1,"quark:spruce_chest":1,"minecraft:dark_oak_planks":156,"minecraft:stone_hoe":1,"kawaiidishes:dried_coffee_beans":1,"minecraft:crafting_table":1,"minecraft:spruce_planks":40,"minecraft:wooden_pickaxe":1,"minecraft:birch_planks":48,"minecraft:orange_dye":1,"minecraft:potion":4,"minecraft:iron_chestplate":1,"minecraft:stick":4,"minecraft:iron_leggings":1},"minecraft:dropped":{"aquaculture:iron_fillet_knife":1,"minecraft:iron_ingot":1,"minecraft:porkchop":2,"minecraft:wheat_seeds":5,"minecraft:cooked_beef":20,"minecraft:oak_log":72,"butchersdelight:sheephide":1,"minecraft:glass_bottle":4,"biomesoplenty:maple_sapling":28,"minecraft:apple":18,"minecraft:granite":30,"farmersdelight:beef_patty":6,"minecraft:coal":20,"minecraft:stick":2,"minecraft:emerald":14,"minecraft:dirt":4,"kawaiidishes:coffee_fruit":2,"minecraft:dark_oak_log":1,"cooking_with_mindthemoods:rice":1,"delightful:acorn":3,"minecraft:sand":7,"minecraft:iron_axe":2,"pfm:oak_log_stool":1,"minecraft:dark_oak_planks":156,"minecraft:birch_log":53,"minecraft:creeper_head":1,"minecraft:iron_nugget":2,"minecraft:cobbled_deepslate":6,"biomesoplenty:yellow_autumn_sapling":34,"kawaiidishes:roasted_coffee_beans":1,"minecraft:oak_planks":364,"biomesoplenty:orange_autumn_sapling":152,"argentinas_delight:maderadeobra":16,"minecraft:leather_chestplate":2,"kawaiidishes:mug":2,"minecraft:potato":90,"minecraft:andesite":2,"born_in_chaos_v1:corpse_maggot":3,"minecraft:oak_sapling":23,"minecraft:spruce_log":2,"butchersdelight:hook":1,"minecraft:arrow":11,"farmersdelight:ham":3,"aquaculture:fish_fillet_cooked":2,"create:andesite_alloy":1},"minecraft:custom":{"minecraft:mob_kills":21,"minecraft:animals_bred":2,"minecraft:interact_with_crafting_table":20,"minecraft:eat_cake_slice":3,"minecraft:leave_game":7,"minecraft:time_since_death":21083,"minecraft:climb_one_cm":906,"minecraft:sprint_one_cm":204474,"minecraft:walk_one_cm":2274073,"minecraft:damage_blocked_by_shield":189,"minecraft:drop":297,"minecraft:chair_used":5,"minecraft:damage_dealt_absorbed":8,"minecraft:play_time":280470,"minecraft:deaths":11,"minecraft:sneak_time":961,"minecraft:walk_under_water_one_cm":24466,"minecraft:boat_one_cm":11399,"minecraft:jump":4749,"minecraft:walk_on_water_one_cm":45949,"minecraft:total_world_time":280470,"minecraft:interact_with_furnace":10,"minecraft:interact_with_loom":1,"minecraft:sleep_in_bed":16,"minecraft:time_since_rest":11246,"minecraft:cabinet_searched":73,"minecraft:damage_absorbed":40,"minecraft:damage_taken":7011,"minecraft:damage_dealt":5160,"minecraft:swim_one_cm":2619,"minecraft:fly_one_cm":168834,"minecraft:open_chest":78,"minecraft:crouch_one_cm":662,"minecraft:fall_one_cm":97286}},"DataVersion":3120}