{"stats":{"minecraft:killed_by":{"minecraft:skeleton":1,"minecraft:creeper":1,"minecraft:zombie":1},"minecraft:picked_up":{"minecraft:birch_log":2,"memory_of_the_past:lesser_drop_of_knowledge":1,"minecraft:leather_chestplate":1,"minecraft:lilac":1,"minecraft:creeper_head":2,"minecraft:rabbit_stew":1,"minecraft:potion":10,"minecraft:enchanted_book":1,"butchersdelight:deadpig":1,"minecraft:golden_boots":1,"minecraft:shield":1,"minecraft:raw_copper":12,"minecraft:red_bed":2,"minecraft:lantern":4,"biomesoplenty:yellow_autumn_sapling":3,"butchersdelight:deadchiken":1,"minecraft:zombie_head":1,"butchersdelight:dead_cow":1,"minecraft:apple":1,"minecraft:wheat_seeds":6,"minecraft:cobbled_deepslate":1,"argentinas_delight:membrillo":3,"delightful:acorn":1,"minecraft:stone_pickaxe":4,"cooking_with_mindthemoods:rice":1,"minecraft:green_bed":1,"minecraft:stripped_spruce_log":1,"minecraft:carrot":1,"minecraft:arrow":22,"butchersdelight:deadsheep":1,"some_assembly_required:sandwich":2,"minecraft:pumpkin_pie":1,"minecraft:granite":16,"artifacts:cross_necklace":1,"minecraft:bread":37,"minecraft:emerald":7,"minecraft:baked_potato":2,"minecraft:oak_sapling":1,"minecraft:coal":45,"minecraft:dark_oak_fence":1,"minecraft:skeleton_skull":1,"minecraft:white_wool":1,"minecraft:cobblestone":85},"minecraft:custom":{"minecraft:mob_kills":2,"minecraft:interact_with_crafting_table":5,"minecraft:interact_with_loom":1,"minecraft:leave_game":2,"minecraft:time_since_death":2016,"minecraft:sleep_in_bed":3,"minecraft:climb_one_cm":906,"minecraft:time_since_rest":2038,"minecraft:sprint_one_cm":75415,"minecraft:damage_taken":1670,"minecraft:walk_one_cm":348545,"minecraft:drop":28,"minecraft:damage_dealt":906,"minecraft:fly_one_cm":36302,"minecraft:open_chest":26,"minecraft:crouch_one_cm":472,"minecraft:play_time":57688,"minecraft:deaths":3,"minecraft:sneak_time":223,"minecraft:jump":675,"minecraft:walk_on_water_one_cm":676,"minecraft:total_world_time":57688,"minecraft:fall_one_cm":13579},"minecraft:dropped":{"minecraft:creeper_head":1,"minecraft:wheat_seeds":4,"minecraft:coal":20,"minecraft:emerald":14,"minecraft:arrow":11},"minecraft:crafted":{"minecraft:spruce_planks":40,"minecraft:wooden_pickaxe":1,"minecraft:stick":4},"minecraft:killed":{"minecraft:sheep":1,"minecraft:zombie":1},"minecraft:broken":{"minecraft:stone_pickaxe":1},"minecraft:mined":{"biomesoplenty:orange_autumn_leaves":4,"minecraft:red_bed":3,"minecraft:dark_oak_fence":1,"minecraft:granite":13,"delightful:pumpkin_pie":2,"minecraft:grass_block":1,"minecraft:copper_ore":6,"biomesoplenty:sprout":1,"minecraft:moss_block":1,"argentinas_delight:hojasmembrillocubo":2,"minecraft:creeper_head":1,"minecraft:lilac":1,"minecraft:stripped_spruce_log":1,"treechop:chopped_log":1,"some_assembly_required:sandwich":3,"minecraft:grass":30,"minecraft:coal_ore":25,"argentinas_delight:basedearbolmate":1,"minecraft:lantern":3,"cooking_with_mindthemoods:youngish_rice_plant":1,"minecraft:stone":94,"minecraft:fern":2,"minecraft:oak_leaves":4,"minecraft:green_bed":1},"minecraft:used":{"minecraft:glass_bottle":4,"minecraft:stone_pickaxe":116,"minecraft:wooden_pickaxe":27,"minecraft:creeper_head":1,"minecraft:red_bed":1,"cooking_with_mindthemoods:rice":14,"some_assembly_required:sandwich":11,"argentinas_delight:membrillo":5,"minecraft:granite":1,"minecraft:lantern":3,"minecraft:bread":1,"minecraft:rabbit_stew":1,"minecraft:potion":7,"alexsmobs:animal_dictionary":5,"minecraft:potato":5,"delightful:acorn":1}},"DataVersion":3120}