{"stats":{"minecraft:killed":{"aquaculture:smallmouth_bass":1,"minecraft:skeleton":1,"aquaculture:carp":1,"minecraft:sheep":2,"minecraft:zombie":3,"alexsmobs:cockroach":12},"minecraft:killed_by":{"minecraft:creeper":1,"minecraft:zombie":2,"minecraft:player":5,"minecraft:skeleton":2},"minecraft:used":{"minecraft:poppy":2,"extradelight:riceball_filled":1,"kawaiidishes:expresso_coffee":1,"minecraft:shield":1,"butchersdelight:hook":6,"minecraft:creeper_head":1,"minecraft:carrot":9,"argentinas_delight:sanguchedemilanesa":2,"minecraft:lantern":6,"minecraft:rabbit_stew":1,"minecraft:potato":54,"extradelight:pumpkin_custard":2,"kawaiidishes:mug":2,"minecraft:stone_pickaxe":177,"minecraft:wooden_pickaxe":27,"minecraft:diamond_axe":130,"minecraft:white_wool":1,"butchersdelight:skullcow":9,"some_assembly_required:sandwich":24,"minecraft:shears":2,"minecraft:dark_oak_log":1,"minecraft:bread":1,"farmersdelight:ham":1,"minecraft:birch_log":27,"delightful:acorn":1,"argentinas_delight:chinchulinesitem":2,"minecraft:stone_sword":99,"minecraft:flint_and_steel":14,"minecraft:stone_hoe":22,"aquaculture:iron_fillet_knife":1,"minecraft:stick":5,"minecraft:torch":4,"extradelight:riceball":1,"minecraft:dirt":5,"minecraft:granite":1,"biomesoplenty:maple_sapling":1,"extradelight:chocolate_custard":1,"quark:spruce_chest":1,"minecraft:iron_axe":106,"extradelight:corn_seeds":3,"minecraft:cooked_beef":3,"minecraft:wheat_seeds":7,"minecraft:water_bucket":15,"minecraft:glass_bottle":23,"minecraft:birch_boat":1,"minecraft:red_bed":5,"cooking_with_mindthemoods:rice":14,"biomesoplenty:orange_autumn_sapling":1,"argentinas_delight:membrillo":10,"minecraft:diamond_pickaxe":16,"minecraft:apple":9,"moredelight:stone_knife":18,"minecraft:stone_axe":382,"minecraft:cobblestone":12,"minecraft:potion":14,"minecraft:cooked_porkchop":1,"minecraft:porkchop":5,"minecraft:bucket":15,"alexsmobs:animal_dictionary":5,"minecraft:candle":14},"minecraft:mined":{"minecraft:farmland":1,"minecraft:granite":13,"minecraft:grass_block":17,"minecraft:oxeye_daisy":1,"supplementaries:stick":1,"argentinas_delight:basedearbolmate":1,"kawaiidishes:mug":1,"minecraft:green_bed":1,"minecraft:red_bed":7,"argentinas_delight:brotemembrillo":1,"minecraft:clay":1,"minecraft:torch":5,"delightful:pumpkin_pie":2,"minecraft:poppy":3,"minecraft:cobblestone":10,"extradelight:corn_bottom":2,"minecraft:sugar_cane":8,"minecraft:birch_log":10,"minecraft:wheat":6,"minecraft:lilac":1,"some_assembly_required:sandwich":8,"minecraft:grass":75,"butchersdelight:hook":3,"minecraft:sand":8,"minecraft:dirt":20,"minecraft:oak_leaves":4,"minecraft:deepslate":9,"biomesoplenty:orange_autumn_leaves":8,"minecraft:tuff":7,"minecraft:candle":5,"minecraft:dark_oak_log":2,"argentinas_delight:ramabajamembrillo":4,"butchersdelight:deadsheepblock":4,"minecraft:dark_oak_fence":1,"minecraft:moss_block":1,"butchersdelight:deadpigblock":2,"farmersdelight:wild_onions":2,"argentinas_delight:ramaltamembrillo":4,"minecraft:carrots":1,"minecraft:andesite":2,"minecraft:stripped_spruce_log":1,"treechop:chopped_log":96,"minecraft:peony":1,"minecraft:lantern":6,"butchersdelight:skullcow":2,"minecraft:stone":94,"minecraft:white_wool":1,"butchersdelight:hookedpig":1,"born_in_chaos_v1:marigolds":3,"minecraft:dandelion":2,"travelersbackpack:standard":3,"quark:spruce_bookshelf":2,"minecraft:cornflower":1,"minecraft:copper_ore":6,"biomesoplenty:sprout":1,"supplementaries:urn":2,"butchersdelight:deadcowblock":1,"quark:spruce_ladder":2,"argentinas_delight:hojasmembrillocubo":8,"minecraft:creeper_head":1,"minecraft:coal_ore":25,"cooking_with_mindthemoods:youngish_rice_plant":1,"minecraft:gravel":1,"vinery:cherry_leaves":1,"minecraft:fern":2},"minecraft:picked_up":{"minecraft:creeper_head":2,"quark:spruce_ladder":2,"biomesoplenty:orange_autumn_sapling":217,"minecraft:enchanted_book":1,"minecraft:potion":12,"extradelight:croutons":4,"minecraft:string":2,"minecraft:raw_copper":20,"biomesoplenty:yellow_autumn_sapling":63,"minecraft:iron_leggings":1,"minecraft:zombie_head":1,"kawaiidishes:expresso_coffee":1,"butchersdelight:cleaver":1,"extradelight:grilled_corn_on_cob":2,"some_assembly_required:burger_bun_bottom":3,"delightful:acorn":17,"minecraft:cobbled_deepslate":9,"minecraft:bucket":1,"extradelight:corn_seeds":7,"minecraft:spruce_planks":24,"minecraft:melon_slice":14,"minecraft:iron_boots":2,"minecraft:stick":200,"minecraft:torch":5,"minecraft:green_bed":1,"create:andesite_casing":1,"minecraft:porkchop":19,"alexsmobs:centipede_leg":1,"aquaculture:fish_fillet_cooked":2,"minecraft:stone_sword":2,"minecraft:rotten_flesh":2,"farmersdelight:onion":6,"supplementaries:ash":14,"moredelight:stone_knife":1,"minecraft:cobblestone":95,"minecraft:birch_log":184,"extradelight:mayo_jar_item":1,"minecraft:leather_chestplate":3,"minecraft:lilac":1,"minecraft:cooked_beef":51,"minecraft:andesite":4,"quark:dark_oak_vertical_slab":1,"butchersdelight:deadpig":3,"minecraft:tuff":8,"create:raw_zinc":1,"farmersdelight:cooked_bacon":2,"argentinas_delight:sanguchedemilanesa":2,"minecraft:dirt":44,"minecraft:lantern":8,"born_in_chaos_v1:marigolds":3,"minecraft:bone":37,"minecraft:wheat_seeds":22,"cooking_with_mindthemoods:rice":2,"kawaiidishes:mug":4,"some_assembly_required:burger_bun":3,"minecraft:cooked_porkchop":4,"butchersdelight:skullcow":36,"butchersdelight:cow_hide":6,"minecraft:sand":9,"minecraft:stripped_spruce_log":1,"farmersdelight:ham":7,"cuisinedelight:meat_fried_rice":2,"minecraft:dark_oak_log":297,"extradelight:corn_silk":8,"some_assembly_required:sandwich":11,"minecraft:granite":46,"minecraft:grass":1,"minecraft:bread":41,"minecraft:emerald":7,"born_in_chaos_v1:rotten_fish":2,"minecraft:jack_o_lantern":1,"minecraft:oak_sapling":63,"butchersdelight:hook":10,"minecraft:dark_oak_fence":1,"minecraft:diamond_pickaxe":1,"minecraft:crafting_table":1,"kawaiidishes:magenta_maid_dress":2,"minecraft:allium":16,"minecraft:rabbit_stew":1,"minecraft:shield":1,"some_assembly_required:chopped_carrot":2,"minecraft:iron_axe":3,"minecraft:red_bed":6,"memory_of_the_past:better_drop_of_knowledge":5,"minecraft:flint_and_steel":1,"butchersdelight:dead_cow":23,"farmersdelight:beef_patty":106,"minecraft:candle":14,"minecraft:beef":104,"minecraft:iron_nugget":2,"minecraft:poppy":2,"minecraft:light_gray_wool":4,"minecraft:sugar_cane":14,"alexsmobs:cockroach_ootheca":4,"farmersdelight:minced_beef":139,"extradelight:corn_husk":11,"minecraft:carrot":4,"minecraft:dark_oak_planks":156,"minecraft:arrow":25,"butchersdelight:deadsheep":6,"minecraft:pumpkin_pie":1,"minecraft:peony":1,"artifacts:cross_necklace":1,"aquaculture:carp":1,"minecraft:mutton":12,"minecraft:skeleton_skull":1,"minecraft:white_wool":14,"memory_of_the_past:lesser_drop_of_knowledge":36,"born_in_chaos_v1:corpse_maggot":5,"vinery:rotten_cherry":1,"minecraft:leather":1,"pfm:oak_log_stool":1,"argentinas_delight:maderadeobra":24,"minecraft:oak_log":249,"create:andesite_alloy":1,"minecraft:golden_boots":1,"butchersdelight:deadchiken":1,"minecraft:apple":34,"alexsmobs:cockroach_wing_fragment":7,"argentinas_delight:membrillo":7,"cuisinedelight:meat_platter":1,"kawaiidishes:coffee_fruit":2,"minecraft:iron_ingot":7,"minecraft:stone_pickaxe":4,"minecraft:cooked_chicken":1,"minecraft:glass_bottle":4,"minecraft:book":3,"aquaculture:smallmouth_bass":1,"minecraft:oak_slab":4,"kawaiidishes:roasted_coffee_beans":1,"bakery:strawberry":4,"minecraft:sweet_berries":5,"minecraft:dandelion":1,"aquaculture:iron_fillet_knife":2,"minecraft:spruce_log":3,"some_assembly_required:burger_bun_top":8,"travelersbackpack:standard":1,"butchersdelight:sheephide":4,"biomesoplenty:maple_sapling":49,"minecraft:stone_axe":6,"minecraft:iron_helmet":1,"minecraft:diamond_axe":1,"minecraft:baked_potato":2,"minecraft:stripped_dark_oak_log":1,"minecraft:coal":45},"minecraft:broken":{"minecraft:stone_pickaxe":2,"minecraft:stone_axe":3,"butchersdelight:cleaver":1,"minecraft:iron_axe":1,"moredelight:stone_knife":1},"minecraft:crafted":{"minecraft:oak_planks":364,"minecraft:birch_boat":1,"minecraft:glass":16,"minecraft:birch_fence_gate":1,"minecraft:stone_hoe":1,"minecraft:magenta_dye":2,"minecraft:crafting_table":1,"minecraft:spruce_planks":40,"minecraft:wooden_pickaxe":1,"minecraft:birch_planks":48,"minecraft:iron_chestplate":1,"minecraft:stick":4,"minecraft:pink_dye":2,"minecraft:orange_wool":2,"quark:spruce_chest":1,"minecraft:dark_oak_planks":156,"kawaiidishes:dried_coffee_beans":1,"minecraft:orange_dye":3,"minecraft:potion":4,"minecraft:iron_leggings":1},"minecraft:dropped":{"aquaculture:iron_fillet_knife":1,"minecraft:porkchop":2,"minecraft:cooked_beef":20,"minecraft:oak_log":72,"minecraft:glass_bottle":4,"farmersdelight:beef_patty":13,"minecraft:emerald":14,"minecraft:dirt":5,"minecraft:dark_oak_log":1,"cooking_with_mindthemoods:rice":1,"minecraft:sand":7,"minecraft:dark_oak_planks":156,"minecraft:birch_log":53,"minecraft:iron_nugget":2,"minecraft:cobbled_deepslate":6,"biomesoplenty:yellow_autumn_sapling":34,"minecraft:pink_dye":2,"minecraft:oak_planks":364,"biomesoplenty:orange_autumn_sapling":152,"argentinas_delight:maderadeobra":16,"minecraft:leather_chestplate":2,"born_in_chaos_v1:corpse_maggot":3,"minecraft:arrow":11,"butchersdelight:hook":1,"create:andesite_alloy":1,"minecraft:iron_ingot":1,"minecraft:wheat_seeds":5,"butchersdelight:sheephide":1,"biomesoplenty:maple_sapling":28,"minecraft:apple":18,"minecraft:granite":30,"minecraft:coal":20,"minecraft:stick":2,"create:andesite_casing":1,"kawaiidishes:coffee_fruit":2,"delightful:acorn":3,"minecraft:iron_axe":2,"pfm:oak_log_stool":1,"minecraft:creeper_head":1,"kawaiidishes:roasted_coffee_beans":1,"minecraft:orange_wool":2,"minecraft:potato":90,"kawaiidishes:mug":2,"minecraft:andesite":2,"minecraft:oak_sapling":23,"minecraft:spruce_log":2,"minecraft:magenta_dye":2,"farmersdelight:ham":3,"kawaiidishes:magenta_maid_dress":1,"aquaculture:fish_fillet_cooked":2},"minecraft:custom":{"minecraft:animals_bred":2,"minecraft:interact_with_crafting_table":20,"minecraft:eat_cake_slice":3,"minecraft:leave_game":7,"minecraft:time_since_death":51083,"minecraft:sprint_one_cm":235308,"minecraft:damage_blocked_by_shield":189,"minecraft:drop":313,"minecraft:play_time":310470,"minecraft:deaths":11,"minecraft:jump":5508,"minecraft:walk_on_water_one_cm":58322,"minecraft:interact_with_furnace":13,"minecraft:interact_with_loom":1,"minecraft:sleep_in_bed":19,"minecraft:damage_dealt":5204,"minecraft:crouch_one_cm":662,"minecraft:horse_one_cm":220611,"minecraft:mob_kills":21,"minecraft:climb_one_cm":2500,"minecraft:walk_one_cm":2518896,"minecraft:chair_used":7,"minecraft:damage_dealt_absorbed":8,"minecraft:sneak_time":1037,"minecraft:walk_under_water_one_cm":29573,"minecraft:boat_one_cm":11399,"minecraft:total_world_time":310470,"minecraft:cabinet_searched":90,"minecraft:time_since_rest":12892,"minecraft:damage_taken":7476,"minecraft:damage_absorbed":40,"minecraft:swim_one_cm":10324,"minecraft:fly_one_cm":240459,"minecraft:open_chest":96,"minecraft:fall_one_cm":116766}},"DataVersion":3120}