{"stats":{"minecraft:picked_up":{"memory_of_the_past:lesser_drop_of_knowledge":1,"minecraft:leather_chestplate":1,"minecraft:lilac":1,"minecraft:creeper_head":2,"minecraft:rabbit_stew":1,"minecraft:green_bed":1,"minecraft:enchanted_book":1,"minecraft:potion":1,"butchersdelight:deadpig":1,"minecraft:stripped_spruce_log":1,"minecraft:golden_boots":1,"minecraft:carrot":1,"minecraft:red_bed":2,"butchersdelight:deadchiken":1,"minecraft:arrow":22,"butchersdelight:deadsheep":1,"butchersdelight:dead_cow":1,"some_assembly_required:sandwich":2,"minecraft:pumpkin_pie":1,"minecraft:wheat_seeds":5,"delightful:acorn":1,"minecraft:granite":3,"cooking_with_mindthemoods:rice":1,"artifacts:cross_necklace":1,"minecraft:emerald":7,"minecraft:bread":5,"minecraft:baked_potato":2,"minecraft:oak_sapling":1,"minecraft:dark_oak_fence":1,"minecraft:skeleton_skull":1,"minecraft:white_wool":1},"minecraft:custom":{"minecraft:time_since_rest":9602,"minecraft:sprint_one_cm":74529,"minecraft:damage_taken":729,"minecraft:walk_one_cm":214176,"minecraft:mob_kills":1,"minecraft:drop":26,"minecraft:damage_dealt":625,"minecraft:interact_with_crafting_table":3,"minecraft:fly_one_cm":35119,"minecraft:open_chest":22,"minecraft:crouch_one_cm":472,"minecraft:play_time":36556,"minecraft:interact_with_loom":1,"minecraft:sneak_time":186,"minecraft:jump":288,"minecraft:leave_game":1,"minecraft:time_since_death":36556,"minecraft:total_world_time":36556,"minecraft:walk_on_water_one_cm":676,"minecraft:sleep_in_bed":1,"minecraft:climb_one_cm":906,"minecraft:fall_one_cm":4511},"minecraft:dropped":{"minecraft:wheat_seeds":4,"minecraft:arrow":11,"minecraft:emerald":14},"minecraft:crafted":{"minecraft:stick":4,"minecraft:spruce_planks":8,"minecraft:wooden_pickaxe":1},"minecraft:killed":{"minecraft:sheep":1},"minecraft:mined":{"biomesoplenty:orange_autumn_leaves":4,"minecraft:red_bed":3,"minecraft:creeper_head":1,"minecraft:lilac":1,"minecraft:stripped_spruce_log":1,"some_assembly_required:sandwich":3,"minecraft:granite":1,"delightful:pumpkin_pie":2,"minecraft:dark_oak_fence":1,"minecraft:grass":28,"argentinas_delight:basedearbolmate":1,"cooking_with_mindthemoods:youngish_rice_plant":1,"biomesoplenty:sprout":1,"minecraft:moss_block":1,"minecraft:oak_leaves":4,"minecraft:green_bed":1,"minecraft:fern":2},"minecraft:used":{"minecraft:glass_bottle":4,"minecraft:bread":1,"minecraft:wooden_pickaxe":2,"minecraft:creeper_head":1,"minecraft:rabbit_stew":1,"minecraft:potion":4,"minecraft:red_bed":1,"cooking_with_mindthemoods:rice":14,"alexsmobs:animal_dictionary":5,"some_assembly_required:sandwich":9,"minecraft:granite":1,"delightful:acorn":1}},"DataVersion":3120}