{"stats":{"minecraft:killed":{"minecraft:sheep":1,"minecraft:skeleton":1,"alexsmobs:cockroach":3,"minecraft:zombie":3},"minecraft:killed_by":{"minecraft:player":2,"minecraft:skeleton":1,"minecraft:creeper":1,"minecraft:zombie":2},"minecraft:used":{"minecraft:stone_sword":25,"minecraft:glass_bottle":4,"minecraft:stone_pickaxe":147,"minecraft:wooden_pickaxe":27,"minecraft:creeper_head":1,"minecraft:red_bed":1,"cooking_with_mindthemoods:rice":14,"some_assembly_required:sandwich":18,"argentinas_delight:membrillo":5,"minecraft:granite":1,"quark:spruce_chest":1,"minecraft:lantern":4,"minecraft:bread":1,"minecraft:rabbit_stew":1,"minecraft:cobblestone":2,"minecraft:potion":9,"alexsmobs:animal_dictionary":5,"minecraft:potato":17,"delightful:acorn":1},"minecraft:mined":{"biomesoplenty:orange_autumn_leaves":4,"minecraft:red_bed":3,"delightful:pumpkin_pie":2,"minecraft:granite":13,"minecraft:dark_oak_fence":1,"minecraft:grass_block":1,"minecraft:cobblestone":2,"minecraft:copper_ore":6,"biomesoplenty:sprout":1,"minecraft:moss_block":1,"supplementaries:urn":2,"argentinas_delight:hojasmembrillocubo":2,"minecraft:creeper_head":1,"minecraft:lilac":1,"minecraft:stripped_spruce_log":1,"treechop:chopped_log":1,"some_assembly_required:sandwich":3,"minecraft:grass":30,"minecraft:coal_ore":25,"argentinas_delight:basedearbolmate":1,"minecraft:lantern":3,"cooking_with_mindthemoods:youngish_rice_plant":1,"minecraft:stone":94,"minecraft:oak_leaves":4,"minecraft:green_bed":1,"minecraft:fern":2},"minecraft:picked_up":{"minecraft:birch_log":2,"memory_of_the_past:lesser_drop_of_knowledge":10,"minecraft:crafting_table":1,"minecraft:leather_chestplate":3,"minecraft:lilac":1,"minecraft:creeper_head":2,"minecraft:rabbit_stew":1,"minecraft:enchanted_book":1,"minecraft:potion":10,"butchersdelight:deadpig":1,"minecraft:tuff":3,"create:raw_zinc":1,"minecraft:golden_boots":1,"minecraft:shield":1,"minecraft:red_bed":2,"minecraft:lantern":4,"minecraft:raw_copper":20,"biomesoplenty:yellow_autumn_sapling":3,"memory_of_the_past:better_drop_of_knowledge":3,"butchersdelight:deadchiken":1,"minecraft:bone":1,"minecraft:zombie_head":1,"butchersdelight:dead_cow":1,"minecraft:apple":1,"minecraft:wheat_seeds":6,"alexsmobs:cockroach_wing_fragment":3,"minecraft:cobbled_deepslate":2,"argentinas_delight:membrillo":3,"minecraft:spruce_planks":23,"delightful:acorn":1,"minecraft:iron_ingot":7,"minecraft:stone_pickaxe":4,"cooking_with_mindthemoods:rice":1,"minecraft:iron_nugget":2,"minecraft:glass_bottle":4,"minecraft:green_bed":1,"minecraft:stripped_spruce_log":1,"minecraft:carrot":1,"minecraft:rotten_flesh":2,"minecraft:stone_sword":2,"minecraft:arrow":24,"butchersdelight:deadsheep":1,"some_assembly_required:sandwich":5,"minecraft:pumpkin_pie":1,"minecraft:granite":46,"artifacts:cross_necklace":1,"minecraft:emerald":7,"minecraft:bread":41,"supplementaries:ash":8,"minecraft:baked_potato":2,"minecraft:jack_o_lantern":1,"minecraft:oak_sapling":1,"minecraft:skeleton_skull":1,"minecraft:dark_oak_fence":1,"minecraft:coal":45,"minecraft:white_wool":1,"minecraft:cobblestone":87},"minecraft:broken":{"minecraft:stone_pickaxe":1},"minecraft:crafted":{"minecraft:crafting_table":1,"minecraft:spruce_planks":40,"minecraft:wooden_pickaxe":1,"minecraft:iron_chestplate":1,"minecraft:stick":4,"minecraft:iron_leggings":1,"quark:spruce_chest":1},"minecraft:dropped":{"minecraft:iron_ingot":1,"minecraft:creeper_head":1,"minecraft:wheat_seeds":5,"minecraft:iron_nugget":2,"minecraft:glass_bottle":4,"minecraft:granite":30,"minecraft:coal":20,"minecraft:emerald":14,"minecraft:leather_chestplate":2,"minecraft:arrow":11},"minecraft:custom":{"minecraft:mob_kills":9,"minecraft:interact_with_crafting_table":10,"minecraft:interact_with_loom":1,"minecraft:leave_game":2,"minecraft:time_since_death":1059,"minecraft:sleep_in_bed":3,"minecraft:climb_one_cm":906,"minecraft:time_since_rest":1115,"minecraft:sprint_one_cm":93713,"minecraft:damage_absorbed":40,"minecraft:damage_taken":3193,"minecraft:walk_one_cm":492487,"minecraft:drop":37,"minecraft:damage_dealt":2770,"minecraft:damage_dealt_absorbed":8,"minecraft:fly_one_cm":56185,"minecraft:open_chest":33,"minecraft:crouch_one_cm":526,"minecraft:play_time":115474,"minecraft:deaths":6,"minecraft:sneak_time":294,"minecraft:jump":1054,"minecraft:walk_on_water_one_cm":676,"minecraft:total_world_time":115474,"minecraft:fall_one_cm":25749}},"DataVersion":3120}