{"stats":{"minecraft:picked_up":{"minecraft:enchanted_book":1,"minecraft:leather_chestplate":1,"minecraft:golden_boots":1,"minecraft:dark_oak_fence":1,"minecraft:green_bed":1},"minecraft:custom":{"minecraft:jump":54,"minecraft:time_since_rest":9053,"minecraft:crouch_one_cm":26,"minecraft:damage_taken":150,"minecraft:sprint_one_cm":6935,"minecraft:play_time":9053,"minecraft:time_since_death":9053,"minecraft:walk_one_cm":29130,"minecraft:sneak_time":110,"minecraft:total_world_time":9053,"minecraft:fall_one_cm":1051,"minecraft:fly_one_cm":4589},"minecraft:mined":{"minecraft:dark_oak_fence":1,"minecraft:moss_block":1,"minecraft:green_bed":1},"minecraft:used":{"alexsmobs:animal_dictionary":5}},"DataVersion":3120}