{"stats":{"minecraft:picked_up":{"minecraft:leather_chestplate":1,"minecraft:creeper_head":2,"some_assembly_required:sandwich":2,"minecraft:rabbit_stew":1,"minecraft:pumpkin_pie":1,"minecraft:green_bed":1,"minecraft:potion":1,"minecraft:enchanted_book":1,"artifacts:cross_necklace":1,"minecraft:stripped_spruce_log":1,"minecraft:bread":5,"minecraft:baked_potato":2,"minecraft:golden_boots":1,"minecraft:carrot":1,"minecraft:dark_oak_fence":1,"minecraft:skeleton_skull":1},"minecraft:custom":{"minecraft:open_chest":8,"minecraft:time_since_rest":21053,"minecraft:interact_with_loom":1,"minecraft:crouch_one_cm":152,"minecraft:play_time":21053,"minecraft:sprint_one_cm":14347,"minecraft:damage_taken":345,"minecraft:walk_one_cm":110800,"minecraft:sneak_time":145,"minecraft:jump":122,"minecraft:walk_on_water_one_cm":264,"minecraft:damage_dealt":57,"minecraft:climb_one_cm":858,"minecraft:time_since_death":21053,"minecraft:total_world_time":21053,"minecraft:interact_with_crafting_table":1,"minecraft:fall_one_cm":1887,"minecraft:fly_one_cm":6241},"minecraft:mined":{"minecraft:dark_oak_fence":1,"minecraft:red_bed":1,"minecraft:creeper_head":1,"minecraft:stripped_spruce_log":1,"minecraft:moss_block":1,"minecraft:green_bed":1,"some_assembly_required:sandwich":3},"minecraft:used":{"minecraft:rabbit_stew":1,"minecraft:bread":1,"some_assembly_required:sandwich":2,"alexsmobs:animal_dictionary":5,"minecraft:creeper_head":1}},"DataVersion":3120}